{
  "total_trades": 672,
  "buy_signals": 373,
  "correct_predictions": 536.0,
  "accuracy": 0.7976190476190477,
  "precision": 1.4369973190348526,
  "recall": 1.297820823244552,
  "f1_score": 1.3638676844783715,
  "avg_return": 0.09320134131722528,
  "median_return": 0.05809979494190018,
  "std_return": 0.1309401409396217,
  "positive_trades": 325.0,
  "negative_trades": 48.0,
  "win_rate": 0.871313672922252,
  "sharpe_ratio": 2.5299828490565592,
  "max_drawdown": -0.1962713107510017
}