Fold,Date,Stock_Code,Predict_Prob,Predict_Direction,Actual_Return,Actual_Direction,Is_Correct,Prediction_Type,Note,Market_Layer,Dynamic_Threshold,Market_Up_Ratio
1,2024-01-01,0700.HK,0.2145,DOWN,-0.0769,DOWN,True,True Negative,正确预测下跌,unknown,0.5,0.5
1,2024-01-02,0700.HK,0.0643,DOWN,-0.0998,DOWN,True,True Negative,正确预测下跌,bear,0.54,0.2
1,2024-01-03,0700.HK,0.109,DOWN,-0.091,DOWN,True,True Negative,正确预测下跌,extreme_bear,1.0,0.1
1,2024-01-04,0700.HK,0.3046,DOWN,-0.0438,DOWN,True,True Negative,正确预测下跌,normal,0.5,0.5
1,2024-01-07,0700.HK,0.5328,UP,-0.0292,DOWN,False,False Positive,预测涨但实际下跌,weak,0.54,0.3
1,2024-01-08,0700.HK,0.4083,DOWN,0.0254,UP,False,False Negative,预测跌但实际上涨,bear,0.54,0.2
1,2024-01-09,0700.HK,0.5935,UP,0.0428,UP,True,True Positive,正确预测上涨,bear,0.54,0.2
1,2024-01-10,0700.HK,0.4181,DOWN,-0.0007,DOWN,True,True Negative,正确预测下跌,bear,0.54,0.2
1,2024-01-11,0700.HK,0.3686,DOWN,-0.0042,DOWN,True,True Negative,正确预测下跌,normal,0.5,0.8
1,2024-01-14,0700.HK,0.4632,DOWN,0.0021,UP,False,False Negative,预测跌但实际上涨,normal,0.5,0.6
1,2024-01-15,0700.HK,0.5165,UP,0.0106,UP,True,True Positive,正确预测上涨,normal,0.5,0.4
1,2024-01-16,0700.HK,0.6128,UP,0.0626,UP,True,True Positive,正确预测上涨,extreme_bear,1.0,0.0
1,2024-01-17,0700.HK,0.6961,UP,0.0259,UP,True,True Positive,正确预测上涨,extreme_bear,1.0,0.0
1,2024-01-18,0700.HK,0.7484,UP,0.0479,UP,True,True Positive,正确预测上涨,normal,0.5,0.8
1,2024-01-21,0700.HK,0.7631,UP,0.1014,UP,True,True Positive,正确预测上涨,weak,0.54,0.3
1,2024-01-22,0700.HK,0.8388,UP,0.0713,UP,True,True Positive,正确预测上涨,extreme_bear,1.0,0.0
1,2024-01-23,0700.HK,0.5872,UP,0.0319,UP,True,True Positive,正确预测上涨,normal,0.5,1.0
1,2024-01-24,0700.HK,0.3903,DOWN,-0.0124,DOWN,True,True Negative,正确预测下跌,normal,0.5,1.0
1,2024-01-25,0700.HK,0.2973,DOWN,0.0064,UP,False,False Negative,预测跌但实际上涨,normal,0.5,1.0
1,2024-01-28,0700.HK,0.5348,UP,-0.0177,DOWN,False,False Positive,预测涨但实际下跌,weak,0.54,0.3
1,2024-01-29,0700.HK,0.501,UP,0.0124,UP,True,True Positive,正确预测上涨,normal,0.5,0.8
1,2024-01-30,0700.HK,0.8205,UP,0.0251,UP,True,True Positive,正确预测上涨,extreme_bear,1.0,0.0
1,2024-01-01,0005.HK,0.8377,UP,-0.0254,DOWN,False,False Positive,预测涨但实际下跌,unknown,0.5,0.5
1,2024-01-02,0005.HK,0.7846,UP,-0.0231,DOWN,False,False Positive,预测涨但实际下跌,bear,0.54,0.2
1,2024-01-03,0005.HK,0.7428,UP,-0.0209,DOWN,False,False Positive,预测涨但实际下跌,extreme_bear,1.0,0.1
1,2024-01-04,0005.HK,0.7915,UP,-0.016,DOWN,False,False Positive,预测涨但实际下跌,normal,0.5,0.5
1,2024-01-07,0005.HK,0.8184,UP,-0.0255,DOWN,False,False Positive,预测涨但实际下跌,weak,0.54,0.3
1,2024-01-08,0005.HK,0.7606,UP,-0.0276,DOWN,False,False Positive,预测涨但实际下跌,bear,0.54,0.2
1,2024-01-09,0005.HK,0.7835,UP,-0.0119,DOWN,False,False Positive,预测涨但实际下跌,bear,0.54,0.2
1,2024-01-10,0005.HK,0.7495,UP,-0.0214,DOWN,False,False Positive,预测涨但实际下跌,bear,0.54,0.2
1,2024-01-11,0005.HK,0.5831,UP,-0.0024,DOWN,False,False Positive,预测涨但实际下跌,normal,0.5,0.8
1,2024-01-14,0005.HK,0.7272,UP,-0.0025,DOWN,False,False Positive,预测涨但实际下跌,normal,0.5,0.6
1,2024-01-15,0005.HK,0.831,UP,0.0381,UP,True,True Positive,正确预测上涨,normal,0.5,0.4
1,2024-01-16,0005.HK,0.9469,UP,0.069,UP,True,True Positive,正确预测上涨,extreme_bear,1.0,0.0
1,2024-01-17,0005.HK,0.9318,UP,0.0658,UP,True,True Positive,正确预测上涨,extreme_bear,1.0,0.0
1,2024-01-18,0005.HK,0.9347,UP,0.0682,UP,True,True Positive,正确预测上涨,normal,0.5,0.8
1,2024-01-21,0005.HK,0.9148,UP,0.0299,UP,True,True Positive,正确预测上涨,weak,0.54,0.3
1,2024-01-22,0005.HK,0.9238,UP,0.0068,UP,True,True Positive,正确预测上涨,extreme_bear,1.0,0.0
1,2024-01-23,0005.HK,0.9306,UP,-0.0117,DOWN,False,False Positive,预测涨但实际下跌,normal,0.5,1.0
1,2024-01-24,0005.HK,0.9125,UP,-0.0116,DOWN,False,False Positive,预测涨但实际下跌,normal,0.5,1.0
1,2024-01-25,0005.HK,0.8823,UP,-0.0173,DOWN,False,False Positive,预测涨但实际下跌,normal,0.5,1.0
1,2024-01-28,0005.HK,0.8651,UP,-0.0261,DOWN,False,False Positive,预测涨但实际下跌,weak,0.54,0.3
1,2024-01-29,0005.HK,0.8335,UP,-0.0179,DOWN,False,False Positive,预测涨但实际下跌,normal,0.5,0.8
1,2024-01-30,0005.HK,0.8337,UP,-0.0008,DOWN,False,False Positive,预测涨但实际下跌,extreme_bear,1.0,0.0
1,2024-01-01,2318.HK,0.1751,DOWN,-0.0469,DOWN,True,True Negative,正确预测下跌,unknown,0.5,0.5
1,2024-01-02,2318.HK,0.1349,DOWN,-0.0396,DOWN,True,True Negative,正确预测下跌,bear,0.54,0.2
1,2024-01-03,2318.HK,0.1592,DOWN,-0.0398,DOWN,True,True Negative,正确预测下跌,extreme_bear,1.0,0.1
1,2024-01-04,2318.HK,0.1377,DOWN,-0.0619,DOWN,True,True Negative,正确预测下跌,normal,0.5,0.5
1,2024-01-07,2318.HK,0.416,DOWN,-0.02,DOWN,True,True Negative,正确预测下跌,weak,0.54,0.3
1,2024-01-08,2318.HK,0.4982,DOWN,0.0575,UP,False,False Negative,预测跌但实际上涨,bear,0.54,0.2
1,2024-01-09,2318.HK,0.71,UP,0.071,UP,True,True Positive,正确预测上涨,bear,0.54,0.2
1,2024-01-10,2318.HK,0.5694,UP,0.0368,UP,True,True Positive,正确预测上涨,bear,0.54,0.2
1,2024-01-11,2318.HK,0.2414,DOWN,0.0076,UP,False,False Negative,预测跌但实际上涨,normal,0.5,0.8
1,2024-01-14,2318.HK,0.2743,DOWN,0.0229,UP,False,False Negative,预测跌但实际上涨,normal,0.5,0.6
1,2024-01-15,2318.HK,0.2534,DOWN,0.0534,UP,False,False Negative,预测跌但实际上涨,normal,0.5,0.4
1,2024-01-16,2318.HK,0.1908,DOWN,0.1595,UP,False,False Negative,预测跌但实际上涨,extreme_bear,1.0,0.0
1,2024-01-17,2318.HK,0.467,DOWN,0.1168,UP,False,False Negative,预测跌但实际上涨,extreme_bear,1.0,0.0
1,2024-01-18,2318.HK,0.1587,DOWN,0.112,UP,False,False Negative,预测跌但实际上涨,normal,0.5,0.8
1,2024-01-21,2318.HK,0.2388,DOWN,0.2047,UP,False,False Negative,预测跌但实际上涨,weak,0.54,0.3
1,2024-01-22,2318.HK,0.273,DOWN,0.1757,UP,False,False Negative,预测跌但实际上涨,extreme_bear,1.0,0.0
1,2024-01-23,2318.HK,0.3582,DOWN,0.1333,UP,False,False Negative,预测跌但实际上涨,normal,0.5,1.0
1,2024-01-24,2318.HK,0.1579,DOWN,0.0578,UP,False,False Negative,预测跌但实际上涨,normal,0.5,1.0
1,2024-01-25,2318.HK,0.1179,DOWN,0.0919,UP,False,False Negative,预测跌但实际上涨,normal,0.5,1.0
1,2024-01-28,2318.HK,0.2348,DOWN,0.0502,UP,False,False Negative,预测跌但实际上涨,weak,0.54,0.3
1,2024-01-29,2318.HK,0.2361,DOWN,0.08,UP,False,False Negative,预测跌但实际上涨,normal,0.5,0.8
1,2024-01-30,2318.HK,0.2804,DOWN,0.0795,UP,False,False Negative,预测跌但实际上涨,extreme_bear,1.0,0.0
1,2024-01-01,1299.HK,0.7575,UP,-0.0556,DOWN,False,False Positive,预测涨但实际下跌,unknown,0.5,0.5
1,2024-01-02,1299.HK,0.6296,UP,-0.0601,DOWN,False,False Positive,预测涨但实际下跌,bear,0.54,0.2
1,2024-01-03,1299.HK,0.6142,UP,-0.0482,DOWN,False,False Positive,预测涨但实际下跌,extreme_bear,1.0,0.1
1,2024-01-04,1299.HK,0.729,UP,-0.0722,DOWN,False,False Positive,预测涨但实际下跌,normal,0.5,0.5
1,2024-01-07,1299.HK,0.796,UP,-0.0437,DOWN,False,False Positive,预测涨但实际下跌,weak,0.54,0.3
1,2024-01-08,1299.HK,0.7843,UP,-0.0204,DOWN,False,False Positive,预测涨但实际下跌,bear,0.54,0.2
1,2024-01-09,1299.HK,0.6795,UP,0.012,UP,True,True Positive,正确预测上涨,bear,0.54,0.2
1,2024-01-10,1299.HK,0.7079,UP,-0.0024,DOWN,False,False Positive,预测涨但实际下跌,bear,0.54,0.2
1,2024-01-11,1299.HK,0.6666,UP,-0.0102,DOWN,False,False Positive,预测涨但实际下跌,normal,0.5,0.8
1,2024-01-14,1299.HK,0.8049,UP,-0.0126,DOWN,False,False Positive,预测涨但实际下跌,normal,0.5,0.6
1,2024-01-15,1299.HK,0.7628,UP,0.012,UP,True,True Positive,正确预测上涨,normal,0.5,0.4
1,2024-01-16,1299.HK,0.804,UP,0.0789,UP,True,True Positive,正确预测上涨,extreme_bear,1.0,0.0
1,2024-01-17,1299.HK,0.959,UP,0.0835,UP,True,True Positive,正确预测上涨,extreme_bear,1.0,0.0
1,2024-01-18,1299.HK,0.9059,UP,0.0546,UP,True,True Positive,正确预测上涨,normal,0.5,0.8
1,2024-01-21,1299.HK,0.89,UP,0.1032,UP,True,True Positive,正确预测上涨,weak,0.54,0.3
1,2024-01-22,1299.HK,0.8493,UP,0.0678,UP,True,True Positive,正确预测上涨,extreme_bear,1.0,0.0
1,2024-01-23,1299.HK,0.6858,UP,0.0294,UP,True,True Positive,正确预测上涨,normal,0.5,1.0
1,2024-01-24,1299.HK,0.272,DOWN,-0.0192,DOWN,True,True Negative,正确预测下跌,normal,0.5,1.0
1,2024-01-25,1299.HK,0.2619,DOWN,-0.0169,DOWN,True,True Negative,正确预测下跌,normal,0.5,1.0
1,2024-01-28,1299.HK,0.6112,UP,-0.0239,DOWN,False,False Positive,预测涨但实际下跌,weak,0.54,0.3
1,2024-01-29,1299.HK,0.7431,UP,0.0258,UP,True,True Positive,正确预测上涨,normal,0.5,0.8
1,2024-01-30,1299.HK,0.783,UP,0.0263,UP,True,True Positive,正确预测上涨,extreme_bear,1.0,0.0
1,2024-01-01,9988.HK,0.4544,DOWN,-0.0475,DOWN,True,True Negative,正确预测下跌,unknown,0.5,0.5
1,2024-01-02,9988.HK,0.3024,DOWN,-0.0512,DOWN,True,True Negative,正确预测下跌,bear,0.54,0.2
1,2024-01-03,9988.HK,0.2998,DOWN,-0.0405,DOWN,True,True Negative,正确预测下跌,extreme_bear,1.0,0.1
1,2024-01-04,9988.HK,0.5333,UP,-0.0133,DOWN,False,False Positive,预测涨但实际下跌,normal,0.5,0.5
1,2024-01-07,9988.HK,0.5749,UP,0.0043,UP,True,True Positive,正确预测上涨,weak,0.54,0.3
1,2024-01-08,9988.HK,0.6734,UP,0.0896,UP,True,True Positive,正确预测上涨,bear,0.54,0.2
1,2024-01-09,9988.HK,0.5286,UP,0.0808,UP,True,True Positive,正确预测上涨,bear,0.54,0.2
1,2024-01-10,9988.HK,0.5322,UP,-0.0078,DOWN,False,False Positive,预测涨但实际下跌,bear,0.54,0.2
1,2024-01-11,9988.HK,0.3238,DOWN,-0.0177,DOWN,True,True Negative,正确预测下跌,normal,0.5,0.8
1,2024-01-14,9988.HK,0.2428,DOWN,0.0114,UP,False,False Negative,预测跌但实际上涨,normal,0.5,0.6
1,2024-01-15,9988.HK,0.4331,DOWN,0.0424,UP,False,False Negative,预测跌但实际上涨,normal,0.5,0.4
1,2024-01-16,9988.HK,0.2429,DOWN,0.112,UP,False,False Negative,预测跌但实际上涨,extreme_bear,1.0,0.0
1,2024-01-17,9988.HK,0.3058,DOWN,0.0728,UP,False,False Negative,预测跌但实际上涨,extreme_bear,1.0,0.0
1,2024-01-18,9988.HK,0.3478,DOWN,0.1007,UP,False,False Negative,预测跌但实际上涨,normal,0.5,0.8
1,2024-01-21,9988.HK,0.356,DOWN,0.1138,UP,False,False Negative,预测跌但实际上涨,weak,0.54,0.3
1,2024-01-22,9988.HK,0.3033,DOWN,0.1064,UP,False,False Negative,预测跌但实际上涨,extreme_bear,1.0,0.0
1,2024-01-23,9988.HK,0.4081,DOWN,0.0269,UP,False,False Negative,预测跌但实际上涨,normal,0.5,1.0
1,2024-01-24,9988.HK,0.2097,DOWN,0.0109,UP,False,False Negative,预测跌但实际上涨,normal,0.5,1.0
1,2024-01-25,9988.HK,0.1989,DOWN,0.0649,UP,False,False Negative,预测跌但实际上涨,normal,0.5,1.0
1,2024-01-28,9988.HK,0.237,DOWN,0.0227,UP,False,False Negative,预测跌但实际上涨,weak,0.54,0.3
1,2024-01-29,9988.HK,0.4023,DOWN,0.0246,UP,False,False Negative,预测跌但实际上涨,normal,0.5,0.8
1,2024-01-30,9988.HK,0.3441,DOWN,0.0503,UP,False,False Negative,预测跌但实际上涨,extreme_bear,1.0,0.0
1,2024-01-01,0388.HK,0.4127,DOWN,-0.0854,DOWN,True,True Negative,正确预测下跌,unknown,0.5,0.5
1,2024-01-02,0388.HK,0.1809,DOWN,-0.0865,DOWN,True,True Negative,正确预测下跌,bear,0.54,0.2
1,2024-01-03,0388.HK,0.3869,DOWN,-0.0815,DOWN,True,True Negative,正确预测下跌,extreme_bear,1.0,0.1
1,2024-01-04,0388.HK,0.2909,DOWN,-0.0876,DOWN,True,True Negative,正确预测下跌,normal,0.5,0.5
1,2024-01-07,0388.HK,0.5355,UP,-0.0694,DOWN,False,False Positive,预测涨但实际下跌,weak,0.54,0.3
1,2024-01-08,0388.HK,0.4841,DOWN,-0.0065,DOWN,True,True Negative,正确预测下跌,bear,0.54,0.2
1,2024-01-09,0388.HK,0.4792,DOWN,-0.0073,DOWN,True,True Negative,正确预测下跌,bear,0.54,0.2
1,2024-01-10,0388.HK,0.4222,DOWN,-0.032,DOWN,True,True Negative,正确预测下跌,bear,0.54,0.2
1,2024-01-11,0388.HK,0.4434,DOWN,-0.0351,DOWN,True,True Negative,正确预测下跌,normal,0.5,0.8
1,2024-01-14,0388.HK,0.6074,UP,-0.0279,DOWN,False,False Positive,预测涨但实际下跌,normal,0.5,0.6
1,2024-01-15,0388.HK,0.3525,DOWN,0.0232,UP,False,False Negative,预测跌但实际上涨,normal,0.5,0.4
1,2024-01-16,0388.HK,0.2367,DOWN,0.0825,UP,False,False Negative,预测跌但实际上涨,extreme_bear,1.0,0.0
1,2024-01-17,0388.HK,0.3215,DOWN,0.0612,UP,False,False Negative,预测跌但实际上涨,extreme_bear,1.0,0.0
1,2024-01-18,0388.HK,0.1458,DOWN,0.0662,UP,False,False Negative,预测跌但实际上涨,normal,0.5,0.8
1,2024-01-21,0388.HK,0.2601,DOWN,0.1282,UP,False,False Negative,预测跌但实际上涨,weak,0.54,0.3
1,2024-01-22,0388.HK,0.2368,DOWN,0.0883,UP,False,False Negative,预测跌但实际上涨,extreme_bear,1.0,0.0
1,2024-01-23,0388.HK,0.2513,DOWN,0.0585,UP,False,False Negative,预测跌但实际上涨,normal,0.5,1.0
1,2024-01-24,0388.HK,0.192,DOWN,0.0269,UP,False,False Negative,预测跌但实际上涨,normal,0.5,1.0
1,2024-01-25,0388.HK,0.234,DOWN,0.0262,UP,False,False Negative,预测跌但实际上涨,normal,0.5,1.0
1,2024-01-28,0388.HK,0.2739,DOWN,-0.0049,DOWN,True,True Negative,正确预测下跌,weak,0.54,0.3
1,2024-01-29,0388.HK,0.3079,DOWN,0.0117,UP,False,False Negative,预测跌但实际上涨,normal,0.5,0.8
1,2024-01-30,0388.HK,0.3943,DOWN,0.0144,UP,False,False Negative,预测跌但实际上涨,extreme_bear,1.0,0.0
1,2024-01-01,0883.HK,0.3796,DOWN,0.0985,UP,False,False Negative,预测跌但实际上涨,unknown,0.5,0.5
1,2024-01-02,0883.HK,0.3839,DOWN,0.1123,UP,False,False Negative,预测跌但实际上涨,bear,0.54,0.2
1,2024-01-03,0883.HK,0.2498,DOWN,0.0719,UP,False,False Negative,预测跌但实际上涨,extreme_bear,1.0,0.1
1,2024-01-04,0883.HK,0.2747,DOWN,0.0589,UP,False,False Negative,预测跌但实际上涨,normal,0.5,0.5
1,2024-01-07,0883.HK,0.3149,DOWN,0.0512,UP,False,False Negative,预测跌但实际上涨,weak,0.54,0.3
1,2024-01-08,0883.HK,0.4923,DOWN,0.0889,UP,False,False Negative,预测跌但实际上涨,bear,0.54,0.2
1,2024-01-09,0883.HK,0.4133,DOWN,0.0928,UP,False,False Negative,预测跌但实际上涨,bear,0.54,0.2
1,2024-01-10,0883.HK,0.3678,DOWN,0.1074,UP,False,False Negative,预测跌但实际上涨,bear,0.54,0.2
1,2024-01-11,0883.HK,0.6277,UP,0.0758,UP,True,True Positive,正确预测上涨,normal,0.5,0.8
1,2024-01-14,0883.HK,0.5884,UP,0.0692,UP,True,True Positive,正确预测上涨,normal,0.5,0.6
1,2024-01-15,0883.HK,0.7074,UP,0.077,UP,True,True Positive,正确预测上涨,normal,0.5,0.4
1,2024-01-16,0883.HK,0.7873,UP,0.1093,UP,True,True Positive,正确预测上涨,extreme_bear,1.0,0.0
1,2024-01-17,0883.HK,0.7423,UP,0.1355,UP,True,True Positive,正确预测上涨,extreme_bear,1.0,0.0
1,2024-01-18,0883.HK,0.8107,UP,0.1803,UP,True,True Positive,正确预测上涨,normal,0.5,0.8
1,2024-01-21,0883.HK,0.8884,UP,0.174,UP,True,True Positive,正确预测上涨,weak,0.54,0.3
1,2024-01-22,0883.HK,0.7505,UP,0.2278,UP,True,True Positive,正确预测上涨,extreme_bear,1.0,0.0
1,2024-01-23,0883.HK,0.5767,UP,0.1872,UP,True,True Positive,正确预测上涨,normal,0.5,1.0
1,2024-01-24,0883.HK,0.2585,DOWN,0.1634,UP,False,False Negative,预测跌但实际上涨,normal,0.5,1.0
1,2024-01-25,0883.HK,0.3332,DOWN,0.1509,UP,False,False Negative,预测跌但实际上涨,normal,0.5,1.0
1,2024-01-28,0883.HK,0.4855,DOWN,0.1184,UP,False,False Negative,预测跌但实际上涨,weak,0.54,0.3
1,2024-01-29,0883.HK,0.4124,DOWN,0.109,UP,False,False Negative,预测跌但实际上涨,normal,0.5,0.8
1,2024-01-30,0883.HK,0.4209,DOWN,0.1176,UP,False,False Negative,预测跌但实际上涨,extreme_bear,1.0,0.0
1,2024-01-01,1398.HK,0.4613,DOWN,0.0187,UP,False,False Negative,预测跌但实际上涨,unknown,0.5,0.5
1,2024-01-02,1398.HK,0.2591,DOWN,0.0214,UP,False,False Negative,预测跌但实际上涨,bear,0.54,0.2
1,2024-01-03,1398.HK,0.3424,DOWN,0.0026,UP,False,False Negative,预测跌但实际上涨,extreme_bear,1.0,0.1
1,2024-01-04,1398.HK,0.4377,DOWN,0.0107,UP,False,False Negative,预测跌但实际上涨,normal,0.5,0.5
1,2024-01-07,1398.HK,0.7223,UP,0.0326,UP,True,True Positive,正确预测上涨,weak,0.54,0.3
1,2024-01-08,1398.HK,0.6166,UP,0.0652,UP,True,True Positive,正确预测上涨,bear,0.54,0.2
1,2024-01-09,1398.HK,0.5695,UP,0.0571,UP,True,True Positive,正确预测上涨,bear,0.54,0.2
1,2024-01-10,1398.HK,0.6366,UP,0.0462,UP,True,True Positive,正确预测上涨,bear,0.54,0.2
1,2024-01-11,1398.HK,0.6797,UP,0.0379,UP,True,True Positive,正确预测上涨,normal,0.5,0.8
1,2024-01-14,1398.HK,0.508,UP,0.0432,UP,True,True Positive,正确预测上涨,normal,0.5,0.6
1,2024-01-15,1398.HK,0.5744,UP,0.0687,UP,True,True Positive,正确预测上涨,normal,0.5,0.4
1,2024-01-16,1398.HK,0.5302,UP,0.107,UP,True,True Positive,正确预测上涨,extreme_bear,1.0,0.0
1,2024-01-17,1398.HK,0.7903,UP,0.098,UP,True,True Positive,正确预测上涨,extreme_bear,1.0,0.0
1,2024-01-18,1398.HK,0.732,UP,0.1086,UP,True,True Positive,正确预测上涨,normal,0.5,0.8
1,2024-01-21,1398.HK,0.7268,UP,0.1497,UP,True,True Positive,正确预测上涨,weak,0.54,0.3
1,2024-01-22,1398.HK,0.6971,UP,0.1357,UP,True,True Positive,正确预测上涨,extreme_bear,1.0,0.0
1,2024-01-23,1398.HK,0.3888,DOWN,0.107,UP,False,False Negative,预测跌但实际上涨,normal,0.5,1.0
1,2024-01-24,1398.HK,0.2777,DOWN,0.0653,UP,False,False Negative,预测跌但实际上涨,normal,0.5,1.0
1,2024-01-25,1398.HK,0.2151,DOWN,0.0733,UP,False,False Negative,预测跌但实际上涨,normal,0.5,1.0
1,2024-01-28,1398.HK,0.4006,DOWN,0.0518,UP,False,False Negative,预测跌但实际上涨,weak,0.54,0.3
1,2024-01-29,1398.HK,0.232,DOWN,0.0604,UP,False,False Negative,预测跌但实际上涨,normal,0.5,0.8
1,2024-01-30,1398.HK,0.3247,DOWN,0.0602,UP,False,False Negative,预测跌但实际上涨,extreme_bear,1.0,0.0
1,2024-01-01,0688.HK,0.3182,DOWN,-0.0926,DOWN,True,True Negative,正确预测下跌,unknown,0.5,0.5
1,2024-01-02,0688.HK,0.4047,DOWN,-0.1037,DOWN,True,True Negative,正确预测下跌,bear,0.54,0.2
1,2024-01-03,0688.HK,0.2867,DOWN,-0.1229,DOWN,True,True Negative,正确预测下跌,extreme_bear,1.0,0.1
1,2024-01-04,0688.HK,0.4291,DOWN,-0.105,DOWN,True,True Negative,正确预测下跌,normal,0.5,0.5
1,2024-01-07,0688.HK,0.5612,UP,-0.0848,DOWN,False,False Positive,预测涨但实际下跌,weak,0.54,0.3
1,2024-01-08,0688.HK,0.6481,UP,-0.0348,DOWN,False,False Positive,预测涨但实际下跌,bear,0.54,0.2
1,2024-01-09,0688.HK,0.7434,UP,-0.0945,DOWN,False,False Positive,预测涨但实际下跌,bear,0.54,0.2
1,2024-01-10,0688.HK,0.44,DOWN,-0.1014,DOWN,True,True Negative,正确预测下跌,bear,0.54,0.2
1,2024-01-11,0688.HK,0.5095,UP,-0.1,DOWN,False,False Positive,预测涨但实际下跌,normal,0.5,0.8
1,2024-01-14,0688.HK,0.3937,DOWN,-0.0955,DOWN,True,True Negative,正确预测下跌,normal,0.5,0.6
1,2024-01-15,0688.HK,0.6893,UP,-0.0618,DOWN,False,False Positive,预测涨但实际下跌,normal,0.5,0.4
1,2024-01-16,0688.HK,0.6452,UP,0.0642,UP,True,True Positive,正确预测上涨,extreme_bear,1.0,0.0
1,2024-01-17,0688.HK,0.8374,UP,0.0069,UP,True,True Positive,正确预测上涨,extreme_bear,1.0,0.0
1,2024-01-18,0688.HK,0.8882,UP,0.0316,UP,True,True Positive,正确预测上涨,normal,0.5,0.8
1,2024-01-21,0688.HK,0.9201,UP,0.1453,UP,True,True Positive,正确预测上涨,weak,0.54,0.3
1,2024-01-22,0688.HK,0.8795,UP,0.0957,UP,True,True Positive,正确预测上涨,extreme_bear,1.0,0.0
1,2024-01-23,0688.HK,0.7598,UP,0.0526,UP,True,True Positive,正确预测上涨,normal,0.5,1.0
1,2024-01-24,0688.HK,0.4587,DOWN,0.0,DOWN,True,True Negative,正确预测下跌,normal,0.5,1.0
1,2024-01-25,0688.HK,0.4115,DOWN,-0.0098,DOWN,True,True Negative,正确预测下跌,normal,0.5,1.0
1,2024-01-28,0688.HK,0.7605,UP,-0.0389,DOWN,False,False Positive,预测涨但实际下跌,weak,0.54,0.3
1,2024-01-29,0688.HK,0.5215,UP,-0.0268,DOWN,False,False Positive,预测涨但实际下跌,normal,0.5,0.8
1,2024-01-30,0688.HK,0.5173,UP,-0.0272,DOWN,False,False Positive,预测涨但实际下跌,extreme_bear,1.0,0.0
1,2024-01-01,1810.HK,0.5212,UP,-0.1667,DOWN,False,False Positive,预测涨但实际下跌,unknown,0.5,0.5
1,2024-01-02,1810.HK,0.269,DOWN,-0.1776,DOWN,True,True Negative,正确预测下跌,bear,0.54,0.2
1,2024-01-03,1810.HK,0.2989,DOWN,-0.179,DOWN,True,True Negative,正确预测下跌,extreme_bear,1.0,0.1
1,2024-01-04,1810.HK,0.2154,DOWN,-0.1834,DOWN,True,True Negative,正确预测下跌,normal,0.5,0.5
1,2024-01-07,1810.HK,0.3403,DOWN,-0.156,DOWN,True,True Negative,正确预测下跌,weak,0.54,0.3
1,2024-01-08,1810.HK,0.3534,DOWN,-0.1004,DOWN,True,True Negative,正确预测下跌,bear,0.54,0.2
1,2024-01-09,1810.HK,0.4035,DOWN,-0.0993,DOWN,True,True Negative,正确预测下跌,bear,0.54,0.2
1,2024-01-10,1810.HK,0.2669,DOWN,-0.1285,DOWN,True,True Negative,正确预测下跌,bear,0.54,0.2
1,2024-01-11,1810.HK,0.2664,DOWN,-0.1287,DOWN,True,True Negative,正确预测下跌,normal,0.5,0.8
1,2024-01-14,1810.HK,0.3947,DOWN,-0.118,DOWN,True,True Negative,正确预测下跌,normal,0.5,0.6
1,2024-01-15,1810.HK,0.5509,UP,-0.0796,DOWN,False,False Positive,预测涨但实际下跌,normal,0.5,0.4
1,2024-01-16,1810.HK,0.6604,UP,0.0213,UP,True,True Positive,正确预测上涨,extreme_bear,1.0,0.0
1,2024-01-17,1810.HK,0.8389,UP,-0.03,DOWN,False,False Positive,预测涨但实际下跌,extreme_bear,1.0,0.0
1,2024-01-18,1810.HK,0.8504,UP,-0.0152,DOWN,False,False Positive,预测涨但实际下跌,normal,0.5,0.8
1,2024-01-21,1810.HK,0.8012,UP,0.0293,UP,True,True Positive,正确预测上涨,weak,0.54,0.3
1,2024-01-22,1810.HK,0.7533,UP,0.0136,UP,True,True Positive,正确预测上涨,extreme_bear,1.0,0.0
1,2024-01-23,1810.HK,0.5603,UP,-0.035,DOWN,False,False Positive,预测涨但实际下跌,normal,0.5,1.0
1,2024-01-24,1810.HK,0.427,DOWN,-0.0466,DOWN,True,True Negative,正确预测下跌,normal,0.5,1.0
1,2024-01-25,1810.HK,0.5338,UP,0.0212,UP,True,True Positive,正确预测上涨,normal,0.5,1.0
1,2024-01-28,1810.HK,0.5795,UP,-0.0165,DOWN,False,False Positive,预测涨但实际下跌,weak,0.54,0.3
1,2024-01-29,1810.HK,0.6832,UP,0.0248,UP,True,True Positive,正确预测上涨,normal,0.5,0.8
1,2024-01-30,1810.HK,0.9227,UP,0.0812,UP,True,True Positive,正确预测上涨,extreme_bear,1.0,0.0
2,2024-02-01,0700.HK,0.5303,UP,-0.0401,DOWN,False,False Positive,预测涨但实际下跌,unknown,0.5,0.5
2,2024-02-04,0700.HK,0.6913,UP,-0.0179,DOWN,False,False Positive,预测涨但实际下跌,normal,0.5,0.4
2,2024-02-05,0700.HK,0.6196,UP,-0.0681,DOWN,False,False Positive,预测涨但实际下跌,normal,0.5,0.4
2,2024-02-06,0700.HK,0.5007,UP,-0.076,DOWN,False,False Positive,预测涨但实际下跌,normal,0.5,1.0
2,2024-02-07,0700.HK,0.5359,UP,-0.0299,DOWN,False,False Positive,预测涨但实际下跌,weak,0.54,0.3
2,2024-02-08,0700.HK,0.2423,DOWN,0.0125,UP,False,False Negative,预测跌但实际上涨,bear,0.54,0.2
2,2024-02-13,0700.HK,0.2777,DOWN,0.0021,UP,False,False Negative,预测跌但实际上涨,extreme_bear,1.0,0.1
2,2024-02-14,0700.HK,0.2729,DOWN,0.0133,UP,False,False Negative,预测跌但实际上涨,normal,0.5,0.8
2,2024-02-15,0700.HK,0.1987,DOWN,-0.0274,DOWN,True,True Negative,正确预测下跌,normal,0.5,0.8
2,2024-02-18,0700.HK,0.5024,UP,0.0176,UP,True,True Positive,正确预测上涨,normal,0.5,1.0
2,2024-02-19,0700.HK,0.5563,UP,0.0028,UP,True,True Positive,正确预测上涨,bear,0.54,0.2
2,2024-02-20,0700.HK,0.5139,UP,0.0,DOWN,False,False Positive,预测涨但实际下跌,normal,0.5,0.6
2,2024-02-21,0700.HK,0.411,DOWN,-0.0007,DOWN,True,True Negative,正确预测下跌,normal,0.5,0.8
2,2024-02-22,0700.HK,0.3161,DOWN,-0.0069,DOWN,True,True Negative,正确预测下跌,normal,0.5,0.9
2,2024-02-25,0700.HK,0.2177,DOWN,0.0049,UP,False,False Negative,预测跌但实际上涨,normal,0.5,0.4
2,2024-02-26,0700.HK,0.14,DOWN,0.052,UP,False,False Negative,预测跌但实际上涨,bear,0.54,0.2
2,2024-02-27,0700.HK,0.2723,DOWN,0.0903,UP,False,False Negative,预测跌但实际上涨,normal,0.5,0.5
2,2024-02-28,0700.HK,0.145,DOWN,0.096,UP,False,False Negative,预测跌但实际上涨,extreme_bear,1.0,0.1
2,2024-02-01,0005.HK,0.8868,UP,-0.0212,DOWN,False,False Positive,预测涨但实际下跌,unknown,0.5,0.5
2,2024-02-04,0005.HK,0.8474,UP,-0.009,DOWN,False,False Positive,预测涨但实际下跌,normal,0.5,0.4
2,2024-02-05,0005.HK,0.7753,UP,-0.0123,DOWN,False,False Positive,预测涨但实际下跌,normal,0.5,0.4
2,2024-02-06,0005.HK,0.8111,UP,-0.0144,DOWN,False,False Positive,预测涨但实际下跌,normal,0.5,1.0
2,2024-02-07,0005.HK,0.8593,UP,-0.014,DOWN,False,False Positive,预测涨但实际下跌,weak,0.54,0.3
2,2024-02-08,0005.HK,0.6878,UP,-0.0024,DOWN,False,False Positive,预测涨但实际下跌,bear,0.54,0.2
2,2024-02-13,0005.HK,0.6879,UP,0.0161,UP,True,True Positive,正确预测上涨,extreme_bear,1.0,0.1
2,2024-02-14,0005.HK,0.5046,UP,0.0027,UP,True,True Positive,正确预测上涨,normal,0.5,0.8
2,2024-02-15,0005.HK,0.4933,DOWN,-0.0154,DOWN,True,True Negative,正确预测下跌,normal,0.5,0.8
2,2024-02-18,0005.HK,0.2191,DOWN,-0.005,DOWN,True,True Negative,正确预测下跌,normal,0.5,1.0
2,2024-02-19,0005.HK,0.1951,DOWN,-0.0106,DOWN,True,True Negative,正确预测下跌,bear,0.54,0.2
2,2024-02-20,0005.HK,0.5311,UP,0.0305,UP,True,True Positive,正确预测上涨,normal,0.5,0.6
2,2024-02-21,0005.HK,0.8973,UP,0.0645,UP,True,True Positive,正确预测上涨,normal,0.5,0.8
2,2024-02-22,0005.HK,0.9638,UP,0.0717,UP,True,True Positive,正确预测上涨,normal,0.5,0.9
2,2024-02-25,0005.HK,0.9627,UP,0.068,UP,True,True Positive,正确预测上涨,normal,0.5,0.4
2,2024-02-26,0005.HK,0.9564,UP,0.0785,UP,True,True Positive,正确预测上涨,bear,0.54,0.2
2,2024-02-27,0005.HK,0.8934,UP,0.0653,UP,True,True Positive,正确预测上涨,normal,0.5,0.5
2,2024-02-28,0005.HK,0.8971,UP,0.0573,UP,True,True Positive,正确预测上涨,extreme_bear,1.0,0.1
2,2024-02-01,2318.HK,0.3992,DOWN,0.0676,UP,False,False Negative,预测跌但实际上涨,unknown,0.5,0.5
2,2024-02-04,2318.HK,0.5249,UP,0.0846,UP,True,True Positive,正确预测上涨,normal,0.5,0.4
2,2024-02-05,2318.HK,0.3183,DOWN,0.0176,UP,False,False Negative,预测跌但实际上涨,normal,0.5,0.4
2,2024-02-06,2318.HK,0.1949,DOWN,0.0324,UP,False,False Negative,预测跌但实际上涨,normal,0.5,1.0
2,2024-02-07,2318.HK,0.3574,DOWN,0.0533,UP,False,False Negative,预测跌但实际上涨,weak,0.54,0.3
2,2024-02-08,2318.HK,0.1644,DOWN,0.1426,UP,False,False Negative,预测跌但实际上涨,bear,0.54,0.2
2,2024-02-13,2318.HK,0.3153,DOWN,0.1031,UP,False,False Negative,预测跌但实际上涨,extreme_bear,1.0,0.1
2,2024-02-14,2318.HK,0.2912,DOWN,0.0835,UP,False,False Negative,预测跌但实际上涨,normal,0.5,0.8
2,2024-02-15,2318.HK,0.2742,DOWN,0.0186,UP,False,False Negative,预测跌但实际上涨,normal,0.5,0.8
2,2024-02-18,2318.HK,0.276,DOWN,0.0501,UP,False,False Negative,预测跌但实际上涨,normal,0.5,1.0
2,2024-02-19,2318.HK,0.2315,DOWN,0.0341,UP,False,False Negative,预测跌但实际上涨,bear,0.54,0.2
2,2024-02-20,2318.HK,0.1992,DOWN,-0.0292,DOWN,True,True Negative,正确预测下跌,normal,0.5,0.6
2,2024-02-21,2318.HK,0.3829,DOWN,-0.0353,DOWN,True,True Negative,正确预测下跌,normal,0.5,0.8
2,2024-02-22,2318.HK,0.35,DOWN,-0.1056,DOWN,True,True Negative,正确预测下跌,normal,0.5,0.9
2,2024-02-25,2318.HK,0.119,DOWN,-0.1079,DOWN,True,True Negative,正确预测下跌,normal,0.5,0.4
2,2024-02-26,2318.HK,0.0638,DOWN,-0.1045,DOWN,True,True Negative,正确预测下跌,bear,0.54,0.2
2,2024-02-27,2318.HK,0.0667,DOWN,-0.0816,DOWN,True,True Negative,正确预测下跌,normal,0.5,0.5
2,2024-02-28,2318.HK,0.0928,DOWN,-0.0584,DOWN,True,True Negative,正确预测下跌,extreme_bear,1.0,0.1
2,2024-02-01,1299.HK,0.7572,UP,0.0176,UP,True,True Positive,正确预测上涨,unknown,0.5,0.5
2,2024-02-04,1299.HK,0.792,UP,0.0,DOWN,False,False Positive,预测涨但实际下跌,normal,0.5,0.4
2,2024-02-05,1299.HK,0.5845,UP,-0.0417,DOWN,False,False Positive,预测涨但实际下跌,normal,0.5,0.4
2,2024-02-06,1299.HK,0.5391,UP,-0.0269,DOWN,False,False Positive,预测涨但实际下跌,normal,0.5,1.0
2,2024-02-07,1299.HK,0.4569,DOWN,-0.0103,DOWN,True,True Negative,正确预测下跌,weak,0.54,0.3
2,2024-02-08,1299.HK,0.4978,DOWN,0.0271,UP,False,False Negative,预测跌但实际上涨,bear,0.54,0.2
2,2024-02-13,1299.HK,0.4602,DOWN,0.0343,UP,False,False Negative,预测跌但实际上涨,extreme_bear,1.0,0.1
2,2024-02-14,1299.HK,0.6627,UP,-0.0166,DOWN,False,False Positive,预测涨但实际下跌,normal,0.5,0.8
2,2024-02-15,1299.HK,0.4197,DOWN,-0.0513,DOWN,True,True Negative,正确预测下跌,normal,0.5,0.8
2,2024-02-18,1299.HK,0.7281,UP,-0.0802,DOWN,False,False Positive,预测涨但实际下跌,normal,0.5,1.0
2,2024-02-19,1299.HK,0.6425,UP,-0.0996,DOWN,False,False Positive,预测涨但实际下跌,bear,0.54,0.2
2,2024-02-20,1299.HK,0.2063,DOWN,-0.1411,DOWN,True,True Negative,正确预测下跌,normal,0.5,0.6
2,2024-02-21,1299.HK,0.2959,DOWN,-0.1277,DOWN,True,True Negative,正确预测下跌,normal,0.5,0.8
2,2024-02-22,1299.HK,0.4394,DOWN,-0.1359,DOWN,True,True Negative,正确预测下跌,normal,0.5,0.9
2,2024-02-25,1299.HK,0.5138,UP,-0.1411,DOWN,False,False Positive,预测涨但实际下跌,normal,0.5,0.4
2,2024-02-26,1299.HK,0.253,DOWN,-0.1504,DOWN,True,True Negative,正确预测下跌,bear,0.54,0.2
2,2024-02-27,1299.HK,0.2262,DOWN,-0.1692,DOWN,True,True Negative,正确预测下跌,normal,0.5,0.5
2,2024-02-28,1299.HK,0.1501,DOWN,-0.1737,DOWN,True,True Negative,正确预测下跌,extreme_bear,1.0,0.1
2,2024-02-01,9988.HK,0.7306,UP,-0.0141,DOWN,False,False Positive,预测涨但实际下跌,unknown,0.5,0.5
2,2024-02-04,9988.HK,0.6126,UP,0.017,UP,True,True Positive,正确预测上涨,normal,0.5,0.4
2,2024-02-05,9988.HK,0.6952,UP,-0.0697,DOWN,False,False Positive,预测涨但实际下跌,normal,0.5,0.4
2,2024-02-06,9988.HK,0.6244,UP,-0.0487,DOWN,False,False Positive,预测涨但实际下跌,normal,0.5,1.0
2,2024-02-07,9988.HK,0.5614,UP,0.0356,UP,True,True Positive,正确预测上涨,weak,0.54,0.3
2,2024-02-08,9988.HK,0.4362,DOWN,0.0801,UP,False,False Negative,预测跌但实际上涨,bear,0.54,0.2
2,2024-02-13,9988.HK,0.5258,UP,0.0452,UP,True,True Positive,正确预测上涨,extreme_bear,1.0,0.1
2,2024-02-14,9988.HK,0.6485,UP,0.0302,UP,True,True Positive,正确预测上涨,normal,0.5,0.8
2,2024-02-15,9988.HK,0.5275,UP,-0.0151,DOWN,False,False Positive,预测涨但实际下跌,normal,0.5,0.8
2,2024-02-18,9988.HK,0.5032,UP,0.007,UP,True,True Positive,正确预测上涨,normal,0.5,1.0
2,2024-02-19,9988.HK,0.506,UP,-0.0146,DOWN,False,False Positive,预测涨但实际下跌,bear,0.54,0.2
2,2024-02-20,9988.HK,0.5854,UP,-0.0226,DOWN,False,False Positive,预测涨但实际下跌,normal,0.5,0.6
2,2024-02-21,9988.HK,0.7671,UP,-0.0307,DOWN,False,False Positive,预测涨但实际下跌,normal,0.5,0.8
2,2024-02-22,9988.HK,0.5094,UP,-0.0476,DOWN,False,False Positive,预测涨但实际下跌,normal,0.5,0.9
2,2024-02-25,9988.HK,0.4327,DOWN,-0.0519,DOWN,True,True Negative,正确预测下跌,normal,0.5,0.4
2,2024-02-26,9988.HK,0.1981,DOWN,-0.0689,DOWN,True,True Negative,正确预测下跌,bear,0.54,0.2
2,2024-02-27,9988.HK,0.1679,DOWN,-0.0734,DOWN,True,True Negative,正确预测下跌,normal,0.5,0.5
2,2024-02-28,9988.HK,0.1295,DOWN,-0.0364,DOWN,True,True Negative,正确预测下跌,extreme_bear,1.0,0.1
2,2024-02-01,0388.HK,0.1183,DOWN,0.0017,UP,False,False Negative,预测跌但实际上涨,unknown,0.5,0.5
2,2024-02-04,0388.HK,0.2002,DOWN,0.0347,UP,False,False Negative,预测跌但实际上涨,normal,0.5,0.4
2,2024-02-05,0388.HK,0.0593,DOWN,-0.0386,DOWN,True,True Negative,正确预测下跌,normal,0.5,0.4
2,2024-02-06,0388.HK,0.0768,DOWN,-0.0386,DOWN,True,True Negative,正确预测下跌,normal,0.5,1.0
2,2024-02-07,0388.HK,0.0869,DOWN,-0.0041,DOWN,True,True Negative,正确预测下跌,weak,0.54,0.3
2,2024-02-08,0388.HK,0.0839,DOWN,0.0314,UP,False,False Negative,预测跌但实际上涨,bear,0.54,0.2
2,2024-02-13,0388.HK,0.1107,DOWN,0.0451,UP,False,False Negative,预测跌但实际上涨,extreme_bear,1.0,0.1
2,2024-02-14,0388.HK,0.2017,DOWN,0.02,UP,False,False Negative,预测跌但实际上涨,normal,0.5,0.8
2,2024-02-15,0388.HK,0.087,DOWN,-0.014,DOWN,True,True Negative,正确预测下跌,normal,0.5,0.8
2,2024-02-18,0388.HK,0.1077,DOWN,0.0002,UP,False,False Negative,预测跌但实际上涨,normal,0.5,1.0
2,2024-02-19,0388.HK,0.1701,DOWN,-0.014,DOWN,True,True Negative,正确预测下跌,bear,0.54,0.2
2,2024-02-20,0388.HK,0.2034,DOWN,-0.0239,DOWN,True,True Negative,正确预测下跌,normal,0.5,0.6
2,2024-02-21,0388.HK,0.4826,DOWN,-0.0321,DOWN,True,True Negative,正确预测下跌,normal,0.5,0.8
2,2024-02-22,0388.HK,0.209,DOWN,-0.0443,DOWN,True,True Negative,正确预测下跌,normal,0.5,0.9
2,2024-02-25,0388.HK,0.065,DOWN,-0.0649,DOWN,True,True Negative,正确预测下跌,normal,0.5,0.4
2,2024-02-26,0388.HK,0.0705,DOWN,-0.0547,DOWN,True,True Negative,正确预测下跌,bear,0.54,0.2
2,2024-02-27,0388.HK,0.051,DOWN,-0.0505,DOWN,True,True Negative,正确预测下跌,normal,0.5,0.5
2,2024-02-28,0388.HK,0.064,DOWN,-0.0469,DOWN,True,True Negative,正确预测下跌,extreme_bear,1.0,0.1
2,2024-02-01,0883.HK,0.5079,UP,0.1586,UP,True,True Positive,正确预测上涨,unknown,0.5,0.5
2,2024-02-04,0883.HK,0.5677,UP,0.1641,UP,True,True Positive,正确预测上涨,normal,0.5,0.4
2,2024-02-05,0883.HK,0.4649,DOWN,0.1701,UP,False,False Negative,预测跌但实际上涨,normal,0.5,0.4
2,2024-02-06,0883.HK,0.5285,UP,0.2301,UP,True,True Positive,正确预测上涨,normal,0.5,1.0
2,2024-02-07,0883.HK,0.5744,UP,0.1831,UP,True,True Positive,正确预测上涨,weak,0.54,0.3
2,2024-02-08,0883.HK,0.3583,DOWN,0.2003,UP,False,False Negative,预测跌但实际上涨,bear,0.54,0.2
2,2024-02-13,0883.HK,0.3418,DOWN,0.2107,UP,False,False Negative,预测跌但实际上涨,extreme_bear,1.0,0.1
2,2024-02-14,0883.HK,0.4785,DOWN,0.2187,UP,False,False Negative,预测跌但实际上涨,normal,0.5,0.8
2,2024-02-15,0883.HK,0.3492,DOWN,0.1956,UP,False,False Negative,预测跌但实际上涨,normal,0.5,0.8
2,2024-02-18,0883.HK,0.2846,DOWN,0.1578,UP,False,False Negative,预测跌但实际上涨,normal,0.5,1.0
2,2024-02-19,0883.HK,0.1302,DOWN,0.1374,UP,False,False Negative,预测跌但实际上涨,bear,0.54,0.2
2,2024-02-20,0883.HK,0.3336,DOWN,0.1756,UP,False,False Negative,预测跌但实际上涨,normal,0.5,0.6
2,2024-02-21,0883.HK,0.0788,DOWN,0.1192,UP,False,False Negative,预测跌但实际上涨,normal,0.5,0.8
2,2024-02-22,0883.HK,0.0345,DOWN,0.0831,UP,False,False Negative,预测跌但实际上涨,normal,0.5,0.9
2,2024-02-25,0883.HK,0.0468,DOWN,0.0726,UP,False,False Negative,预测跌但实际上涨,normal,0.5,0.4
2,2024-02-26,0883.HK,0.1456,DOWN,0.0703,UP,False,False Negative,预测跌但实际上涨,bear,0.54,0.2
2,2024-02-27,0883.HK,0.1605,DOWN,0.0706,UP,False,False Negative,预测跌但实际上涨,normal,0.5,0.5
2,2024-02-28,0883.HK,0.1625,DOWN,0.1269,UP,False,False Negative,预测跌但实际上涨,extreme_bear,1.0,0.1
2,2024-02-01,1398.HK,0.7843,UP,0.0528,UP,True,True Positive,正确预测上涨,unknown,0.5,0.5
2,2024-02-04,1398.HK,0.7698,UP,0.0605,UP,True,True Positive,正确预测上涨,normal,0.5,0.4
2,2024-02-05,1398.HK,0.5654,UP,0.0281,UP,True,True Positive,正确预测上涨,normal,0.5,0.4
2,2024-02-06,1398.HK,0.4597,DOWN,0.0411,UP,False,False Negative,预测跌但实际上涨,normal,0.5,1.0
2,2024-02-07,1398.HK,0.507,UP,0.0545,UP,True,True Positive,正确预测上涨,weak,0.54,0.3
2,2024-02-08,1398.HK,0.394,DOWN,0.0731,UP,False,False Negative,预测跌但实际上涨,bear,0.54,0.2
2,2024-02-13,1398.HK,0.4286,DOWN,0.0466,UP,False,False Negative,预测跌但实际上涨,extreme_bear,1.0,0.1
2,2024-02-14,1398.HK,0.368,DOWN,0.0334,UP,False,False Negative,预测跌但实际上涨,normal,0.5,0.8
2,2024-02-15,1398.HK,0.3071,DOWN,0.0127,UP,False,False Negative,预测跌但实际上涨,normal,0.5,0.8
2,2024-02-18,1398.HK,0.6001,UP,0.0102,UP,True,True Positive,正确预测上涨,normal,0.5,1.0
2,2024-02-19,1398.HK,0.5133,UP,-0.0151,DOWN,False,False Positive,预测涨但实际下跌,bear,0.54,0.2
2,2024-02-20,1398.HK,0.5496,UP,-0.0393,DOWN,False,False Positive,预测涨但实际下跌,normal,0.5,0.6
2,2024-02-21,1398.HK,0.6578,UP,-0.0293,DOWN,False,False Positive,预测涨但实际下跌,normal,0.5,0.8
2,2024-02-22,1398.HK,0.506,UP,-0.0435,DOWN,False,False Positive,预测涨但实际下跌,normal,0.5,0.9
2,2024-02-25,1398.HK,0.5564,UP,-0.0319,DOWN,False,False Positive,预测涨但实际下跌,normal,0.5,0.4
2,2024-02-26,1398.HK,0.4949,DOWN,-0.0244,DOWN,True,True Negative,正确预测下跌,bear,0.54,0.2
2,2024-02-27,1398.HK,0.2998,DOWN,-0.0222,DOWN,True,True Negative,正确预测下跌,normal,0.5,0.5
2,2024-02-28,1398.HK,0.3003,DOWN,-0.0248,DOWN,True,True Negative,正确预测下跌,extreme_bear,1.0,0.1
2,2024-02-01,0688.HK,0.3811,DOWN,-0.0986,DOWN,True,True Negative,正确预测下跌,unknown,0.5,0.5
2,2024-02-04,0688.HK,0.504,UP,-0.0943,DOWN,False,False Positive,预测涨但实际下跌,normal,0.5,0.4
2,2024-02-05,0688.HK,0.3275,DOWN,-0.1571,DOWN,True,True Negative,正确预测下跌,normal,0.5,0.4
2,2024-02-06,0688.HK,0.3796,DOWN,-0.0904,DOWN,True,True Negative,正确预测下跌,normal,0.5,1.0
2,2024-02-07,0688.HK,0.4041,DOWN,-0.0816,DOWN,True,True Negative,正确预测下跌,weak,0.54,0.3
2,2024-02-08,0688.HK,0.5337,UP,0.0229,UP,True,True Positive,正确预测上涨,bear,0.54,0.2
2,2024-02-13,0688.HK,0.4176,DOWN,-0.0035,DOWN,True,True Negative,正确预测下跌,extreme_bear,1.0,0.1
2,2024-02-14,0688.HK,0.4806,DOWN,0.0089,UP,False,False Negative,预测跌但实际上涨,normal,0.5,0.8
2,2024-02-15,0688.HK,0.145,DOWN,-0.0804,DOWN,True,True Negative,正确预测下跌,normal,0.5,0.8
2,2024-02-18,0688.HK,0.5475,UP,-0.0636,DOWN,False,False Positive,预测涨但实际下跌,normal,0.5,1.0
2,2024-02-19,0688.HK,0.3987,DOWN,-0.1088,DOWN,True,True Negative,正确预测下跌,bear,0.54,0.2
2,2024-02-20,0688.HK,0.1282,DOWN,-0.1398,DOWN,True,True Negative,正确预测下跌,normal,0.5,0.6
2,2024-02-21,0688.HK,0.1741,DOWN,-0.1052,DOWN,True,True Negative,正确预测下跌,normal,0.5,0.8
2,2024-02-22,0688.HK,0.1517,DOWN,-0.1419,DOWN,True,True Negative,正确预测下跌,normal,0.5,0.9
2,2024-02-25,0688.HK,0.4219,DOWN,-0.1146,DOWN,True,True Negative,正确预测下跌,normal,0.5,0.4
2,2024-02-26,0688.HK,0.1108,DOWN,-0.0987,DOWN,True,True Negative,正确预测下跌,bear,0.54,0.2
2,2024-02-27,0688.HK,0.1533,DOWN,-0.1046,DOWN,True,True Negative,正确预测下跌,normal,0.5,0.5
2,2024-02-28,0688.HK,0.1665,DOWN,-0.0326,DOWN,True,True Negative,正确预测下跌,extreme_bear,1.0,0.1
2,2024-02-01,1810.HK,0.6908,UP,0.0459,UP,True,True Positive,正确预测上涨,unknown,0.5,0.5
2,2024-02-04,1810.HK,0.9593,UP,0.0759,UP,True,True Positive,正确预测上涨,normal,0.5,0.4
2,2024-02-05,1810.HK,0.5517,UP,-0.0078,DOWN,False,False Positive,预测涨但实际下跌,normal,0.5,0.4
2,2024-02-06,1810.HK,0.5714,UP,0.0299,UP,True,True Positive,正确预测上涨,normal,0.5,1.0
2,2024-02-07,1810.HK,0.5815,UP,0.0618,UP,True,True Positive,正确预测上涨,weak,0.54,0.3
2,2024-02-08,1810.HK,0.511,UP,0.1974,UP,True,True Positive,正确预测上涨,bear,0.54,0.2
2,2024-02-13,1810.HK,0.7621,UP,0.1879,UP,True,True Positive,正确预测上涨,extreme_bear,1.0,0.1
2,2024-02-14,1810.HK,0.7266,UP,0.1604,UP,True,True Positive,正确预测上涨,normal,0.5,0.8
2,2024-02-15,1810.HK,0.3374,DOWN,0.0835,UP,False,False Negative,预测跌但实际上涨,normal,0.5,0.8
2,2024-02-18,1810.HK,0.6333,UP,0.1563,UP,True,True Positive,正确预测上涨,normal,0.5,1.0
2,2024-02-19,1810.HK,0.4785,DOWN,0.1448,UP,False,False Negative,预测跌但实际上涨,bear,0.54,0.2
2,2024-02-20,1810.HK,0.1921,DOWN,0.0853,UP,False,False Negative,预测跌但实际上涨,normal,0.5,0.6
2,2024-02-21,1810.HK,0.3756,DOWN,0.1015,UP,False,False Negative,预测跌但实际上涨,normal,0.5,0.8
2,2024-02-22,1810.HK,0.3639,DOWN,0.1195,UP,False,False Negative,预测跌但实际上涨,normal,0.5,0.9
2,2024-02-25,1810.HK,0.4704,DOWN,0.1313,UP,False,False Negative,预测跌但实际上涨,normal,0.5,0.4
2,2024-02-26,1810.HK,0.2033,DOWN,0.135,UP,False,False Negative,预测跌但实际上涨,bear,0.54,0.2
2,2024-02-27,1810.HK,0.4117,DOWN,0.1284,UP,False,False Negative,预测跌但实际上涨,normal,0.5,0.5
2,2024-02-28,1810.HK,0.2751,DOWN,0.1301,UP,False,False Negative,预测跌但实际上涨,extreme_bear,1.0,0.1
3,2024-03-03,0700.HK,0.1529,DOWN,0.1166,UP,False,False Negative,预测跌但实际上涨,unknown,0.5,0.5
3,2024-03-04,0700.HK,0.2696,DOWN,0.1559,UP,False,False Negative,预测跌但实际上涨,weak,0.54,0.3
3,2024-03-05,0700.HK,0.3183,DOWN,0.1122,UP,False,False Negative,预测跌但实际上涨,extreme_bear,1.0,0.0
3,2024-03-06,0700.HK,0.3436,DOWN,0.1255,UP,False,False Negative,预测跌但实际上涨,normal,0.5,0.8
3,2024-03-07,0700.HK,0.4398,DOWN,0.1637,UP,False,False Negative,预测跌但实际上涨,weak,0.54,0.3
3,2024-03-10,0700.HK,0.3304,DOWN,0.1307,UP,False,False Negative,预测跌但实际上涨,normal,0.5,0.8
3,2024-03-11,0700.HK,0.1079,DOWN,0.0646,UP,False,False Negative,预测跌但实际上涨,normal,0.5,0.8
3,2024-03-12,0700.HK,0.3683,DOWN,0.0475,UP,False,False Negative,预测跌但实际上涨,normal,0.5,1.0
3,2024-03-13,0700.HK,0.2854,DOWN,0.0436,UP,False,False Negative,预测跌但实际上涨,normal,0.5,0.4
3,2024-03-14,0700.HK,0.2395,DOWN,0.0599,UP,False,False Negative,预测跌但实际上涨,bear,0.54,0.2
3,2024-03-17,0700.HK,0.2987,DOWN,0.0504,UP,False,False Negative,预测跌但实际上涨,extreme_bear,1.0,0.0
3,2024-03-18,0700.HK,0.1868,DOWN,0.066,UP,False,False Negative,预测跌但实际上涨,normal,0.5,0.5
3,2024-03-19,0700.HK,0.2262,DOWN,0.1094,UP,False,False Negative,预测跌但实际上涨,extreme_bear,1.0,0.1
3,2024-03-20,0700.HK,0.1616,DOWN,0.1415,UP,False,False Negative,预测跌但实际上涨,normal,0.5,0.6
3,2024-03-21,0700.HK,0.186,DOWN,0.1918,UP,False,False Negative,预测跌但实际上涨,normal,0.5,1.0
3,2024-03-24,0700.HK,0.3773,DOWN,0.176,UP,False,False Negative,预测跌但实际上涨,bear,0.54,0.2
3,2024-03-25,0700.HK,0.0949,DOWN,0.1637,UP,False,False Negative,预测跌但实际上涨,normal,0.5,0.4
3,2024-03-26,0700.HK,0.0991,DOWN,0.151,UP,False,False Negative,预测跌但实际上涨,normal,0.5,0.7
3,2024-03-27,0700.HK,0.1112,DOWN,0.1429,UP,False,False Negative,预测跌但实际上涨,extreme_bear,1.0,0.1
3,2024-03-03,0005.HK,0.7543,UP,0.0547,UP,True,True Positive,正确预测上涨,unknown,0.5,0.5
3,2024-03-04,0005.HK,0.4892,DOWN,0.0886,UP,False,False Negative,预测跌但实际上涨,weak,0.54,0.3
3,2024-03-05,0005.HK,0.3108,DOWN,0.0883,UP,False,False Negative,预测跌但实际上涨,extreme_bear,1.0,0.0
3,2024-03-06,0005.HK,0.3721,DOWN,0.0923,UP,False,False Negative,预测跌但实际上涨,normal,0.5,0.8
3,2024-03-07,0005.HK,0.3046,DOWN,0.102,UP,False,False Negative,预测跌但实际上涨,weak,0.54,0.3
3,2024-03-10,0005.HK,0.4745,DOWN,0.1114,UP,False,False Negative,预测跌但实际上涨,normal,0.5,0.8
3,2024-03-11,0005.HK,0.5642,UP,0.086,UP,True,True Positive,正确预测上涨,normal,0.5,0.8
3,2024-03-12,0005.HK,0.4628,DOWN,0.0767,UP,False,False Negative,预测跌但实际上涨,normal,0.5,1.0
3,2024-03-13,0005.HK,0.5708,UP,0.0567,UP,True,True Positive,正确预测上涨,normal,0.5,0.4
3,2024-03-14,0005.HK,0.6296,UP,0.0615,UP,True,True Positive,正确预测上涨,bear,0.54,0.2
3,2024-03-17,0005.HK,0.6907,UP,0.0512,UP,True,True Positive,正确预测上涨,extreme_bear,1.0,0.0
3,2024-03-18,0005.HK,0.5276,UP,0.0395,UP,True,True Positive,正确预测上涨,normal,0.5,0.5
3,2024-03-19,0005.HK,0.5142,UP,0.0638,UP,True,True Positive,正确预测上涨,extreme_bear,1.0,0.1
3,2024-03-20,0005.HK,0.6018,UP,0.055,UP,True,True Positive,正确预测上涨,normal,0.5,0.6
3,2024-03-21,0005.HK,0.5811,UP,0.0615,UP,True,True Positive,正确预测上涨,normal,0.5,1.0
3,2024-03-24,0005.HK,0.4298,DOWN,0.058,UP,False,False Negative,预测跌但实际上涨,bear,0.54,0.2
3,2024-03-25,0005.HK,0.3311,DOWN,0.0518,UP,False,False Negative,预测跌但实际上涨,normal,0.5,0.4
3,2024-03-26,0005.HK,0.4387,DOWN,0.0728,UP,False,False Negative,预测跌但实际上涨,normal,0.5,0.7
3,2024-03-27,0005.HK,0.4825,DOWN,0.0957,UP,False,False Negative,预测跌但实际上涨,extreme_bear,1.0,0.1
3,2024-03-03,2318.HK,0.182,DOWN,-0.0331,DOWN,True,True Negative,正确预测下跌,unknown,0.5,0.5
3,2024-03-04,2318.HK,0.1639,DOWN,-0.0309,DOWN,True,True Negative,正确预测下跌,weak,0.54,0.3
3,2024-03-05,2318.HK,0.1095,DOWN,-0.0592,DOWN,True,True Negative,正确预测下跌,extreme_bear,1.0,0.0
3,2024-03-06,2318.HK,0.1297,DOWN,-0.0664,DOWN,True,True Negative,正确预测下跌,normal,0.5,0.8
3,2024-03-07,2318.HK,0.0556,DOWN,-0.0713,DOWN,True,True Negative,正确预测下跌,weak,0.54,0.3
3,2024-03-10,2318.HK,0.0887,DOWN,-0.0871,DOWN,True,True Negative,正确预测下跌,normal,0.5,0.8
3,2024-03-11,2318.HK,0.2176,DOWN,-0.1859,DOWN,True,True Negative,正确预测下跌,normal,0.5,0.8
3,2024-03-12,2318.HK,0.5055,UP,-0.1775,DOWN,False,False Positive,预测涨但实际下跌,normal,0.5,1.0
3,2024-03-13,2318.HK,0.3882,DOWN,-0.1774,DOWN,True,True Negative,正确预测下跌,normal,0.5,0.4
3,2024-03-14,2318.HK,0.2117,DOWN,-0.1519,DOWN,True,True Negative,正确预测下跌,bear,0.54,0.2
3,2024-03-17,2318.HK,0.2063,DOWN,-0.1192,DOWN,True,True Negative,正确预测下跌,extreme_bear,1.0,0.0
3,2024-03-18,2318.HK,0.1788,DOWN,-0.1075,DOWN,True,True Negative,正确预测下跌,normal,0.5,0.5
3,2024-03-19,2318.HK,0.127,DOWN,-0.0803,DOWN,True,True Negative,正确预测下跌,extreme_bear,1.0,0.1
3,2024-03-20,2318.HK,0.1089,DOWN,-0.0704,DOWN,True,True Negative,正确预测下跌,normal,0.5,0.6
3,2024-03-21,2318.HK,0.0939,DOWN,0.0284,UP,False,False Negative,预测跌但实际上涨,normal,0.5,1.0
3,2024-03-24,2318.HK,0.3892,DOWN,0.0796,UP,False,False Negative,预测跌但实际上涨,bear,0.54,0.2
3,2024-03-25,2318.HK,0.2949,DOWN,0.0848,UP,False,False Negative,预测跌但实际上涨,normal,0.5,0.4
3,2024-03-26,2318.HK,0.2997,DOWN,0.121,UP,False,False Negative,预测跌但实际上涨,normal,0.5,0.7
3,2024-03-27,2318.HK,0.1702,DOWN,0.0877,UP,False,False Negative,预测跌但实际上涨,extreme_bear,1.0,0.1
3,2024-03-03,1299.HK,0.2892,DOWN,-0.1621,DOWN,True,True Negative,正确预测下跌,unknown,0.5,0.5
3,2024-03-04,1299.HK,0.3618,DOWN,-0.1176,DOWN,True,True Negative,正确预测下跌,weak,0.54,0.3
3,2024-03-05,1299.HK,0.5591,UP,-0.132,DOWN,False,False Positive,预测涨但实际下跌,extreme_bear,1.0,0.0
3,2024-03-06,1299.HK,0.7689,UP,-0.1256,DOWN,False,False Positive,预测涨但实际下跌,normal,0.5,0.8
3,2024-03-07,1299.HK,0.3568,DOWN,-0.1545,DOWN,True,True Negative,正确预测下跌,weak,0.54,0.3
3,2024-03-10,1299.HK,0.465,DOWN,-0.1711,DOWN,True,True Negative,正确预测下跌,normal,0.5,0.8
3,2024-03-11,1299.HK,0.1335,DOWN,-0.2465,DOWN,True,True Negative,正确预测下跌,normal,0.5,0.8
3,2024-03-12,1299.HK,0.2019,DOWN,-0.2714,DOWN,True,True Negative,正确预测下跌,normal,0.5,1.0
3,2024-03-13,1299.HK,0.3122,DOWN,-0.261,DOWN,True,True Negative,正确预测下跌,normal,0.5,0.4
3,2024-03-14,1299.HK,0.5158,UP,-0.2328,DOWN,False,False Positive,预测涨但实际下跌,bear,0.54,0.2
3,2024-03-17,1299.HK,0.7148,UP,-0.1897,DOWN,False,False Positive,预测涨但实际下跌,extreme_bear,1.0,0.0
3,2024-03-18,1299.HK,0.5904,UP,-0.1777,DOWN,False,False Positive,预测涨但实际下跌,normal,0.5,0.5
3,2024-03-19,1299.HK,0.6895,UP,-0.1402,DOWN,False,False Positive,预测涨但实际下跌,extreme_bear,1.0,0.1
3,2024-03-20,1299.HK,0.6396,UP,-0.1455,DOWN,False,False Positive,预测涨但实际下跌,normal,0.5,0.6
3,2024-03-21,1299.HK,0.659,UP,-0.0983,DOWN,False,False Positive,预测涨但实际下跌,normal,0.5,1.0
3,2024-03-24,1299.HK,0.7417,UP,-0.0593,DOWN,False,False Positive,预测涨但实际下跌,bear,0.54,0.2
3,2024-03-25,1299.HK,0.7478,UP,-0.0046,DOWN,False,False Positive,预测涨但实际下跌,normal,0.5,0.4
3,2024-03-26,1299.HK,0.7563,UP,0.0904,UP,True,True Positive,正确预测上涨,normal,0.5,0.7
3,2024-03-27,1299.HK,0.7178,UP,0.0999,UP,True,True Positive,正确预测上涨,extreme_bear,1.0,0.1
3,2024-03-03,9988.HK,0.4532,DOWN,-0.0243,DOWN,True,True Negative,正确预测下跌,unknown,0.5,0.5
3,2024-03-04,9988.HK,0.3952,DOWN,0.005,UP,False,False Negative,预测跌但实际上涨,weak,0.54,0.3
3,2024-03-05,9988.HK,0.2133,DOWN,-0.0202,DOWN,True,True Negative,正确预测下跌,extreme_bear,1.0,0.0
3,2024-03-06,9988.HK,0.3051,DOWN,-0.0028,DOWN,True,True Negative,正确预测下跌,normal,0.5,0.8
3,2024-03-07,9988.HK,0.0884,DOWN,0.0379,UP,False,False Negative,预测跌但实际上涨,weak,0.54,0.3
3,2024-03-10,9988.HK,0.3518,DOWN,0.0192,UP,False,False Negative,预测跌但实际上涨,normal,0.5,0.8
3,2024-03-11,9988.HK,0.1655,DOWN,-0.0428,DOWN,True,True Negative,正确预测下跌,normal,0.5,0.8
3,2024-03-12,9988.HK,0.328,DOWN,-0.0486,DOWN,True,True Negative,正确预测下跌,normal,0.5,1.0
3,2024-03-13,9988.HK,0.0967,DOWN,-0.0681,DOWN,True,True Negative,正确预测下跌,normal,0.5,0.4
3,2024-03-14,9988.HK,0.1269,DOWN,-0.0542,DOWN,True,True Negative,正确预测下跌,bear,0.54,0.2
3,2024-03-17,9988.HK,0.228,DOWN,-0.0569,DOWN,True,True Negative,正确预测下跌,extreme_bear,1.0,0.0
3,2024-03-18,9988.HK,0.128,DOWN,-0.0619,DOWN,True,True Negative,正确预测下跌,normal,0.5,0.5
3,2024-03-19,9988.HK,0.1339,DOWN,-0.0393,DOWN,True,True Negative,正确预测下跌,extreme_bear,1.0,0.1
3,2024-03-20,9988.HK,0.0899,DOWN,-0.0379,DOWN,True,True Negative,正确预测下跌,normal,0.5,0.6
3,2024-03-21,9988.HK,0.0898,DOWN,0.0211,UP,False,False Negative,预测跌但实际上涨,normal,0.5,1.0
3,2024-03-24,9988.HK,0.1665,DOWN,0.0384,UP,False,False Negative,预测跌但实际上涨,bear,0.54,0.2
3,2024-03-25,9988.HK,0.0732,DOWN,0.0711,UP,False,False Negative,预测跌但实际上涨,normal,0.5,0.4
3,2024-03-26,9988.HK,0.0685,DOWN,0.0807,UP,False,False Negative,预测跌但实际上涨,normal,0.5,0.7
3,2024-03-27,9988.HK,0.0725,DOWN,0.0584,UP,False,False Negative,预测跌但实际上涨,extreme_bear,1.0,0.1
3,2024-03-03,0388.HK,0.4655,DOWN,-0.0332,DOWN,True,True Negative,正确预测下跌,unknown,0.5,0.5
3,2024-03-04,0388.HK,0.138,DOWN,-0.0163,DOWN,True,True Negative,正确预测下跌,weak,0.54,0.3
3,2024-03-05,0388.HK,0.1305,DOWN,-0.0284,DOWN,True,True Negative,正确预测下跌,extreme_bear,1.0,0.0
3,2024-03-06,0388.HK,0.2632,DOWN,0.0029,UP,False,False Negative,预测跌但实际上涨,normal,0.5,0.8
3,2024-03-07,0388.HK,0.3831,DOWN,0.0176,UP,False,False Negative,预测跌但实际上涨,weak,0.54,0.3
3,2024-03-10,0388.HK,0.3344,DOWN,-0.0136,DOWN,True,True Negative,正确预测下跌,normal,0.5,0.8
3,2024-03-11,0388.HK,0.0965,DOWN,-0.0719,DOWN,True,True Negative,正确预测下跌,normal,0.5,0.8
3,2024-03-12,0388.HK,0.0672,DOWN,-0.1045,DOWN,True,True Negative,正确预测下跌,normal,0.5,1.0
3,2024-03-13,0388.HK,0.0937,DOWN,-0.1226,DOWN,True,True Negative,正确预测下跌,normal,0.5,0.4
3,2024-03-14,0388.HK,0.0706,DOWN,-0.1178,DOWN,True,True Negative,正确预测下跌,bear,0.54,0.2
3,2024-03-17,0388.HK,0.1314,DOWN,-0.0982,DOWN,True,True Negative,正确预测下跌,extreme_bear,1.0,0.0
3,2024-03-18,0388.HK,0.0993,DOWN,-0.0968,DOWN,True,True Negative,正确预测下跌,normal,0.5,0.5
3,2024-03-19,0388.HK,0.102,DOWN,-0.0841,DOWN,True,True Negative,正确预测下跌,extreme_bear,1.0,0.1
3,2024-03-20,0388.HK,0.0412,DOWN,-0.0463,DOWN,True,True Negative,正确预测下跌,normal,0.5,0.6
3,2024-03-21,0388.HK,0.0403,DOWN,0.0034,UP,False,False Negative,预测跌但实际上涨,normal,0.5,1.0
3,2024-03-24,0388.HK,0.201,DOWN,0.0656,UP,False,False Negative,预测跌但实际上涨,bear,0.54,0.2
3,2024-03-25,0388.HK,0.2029,DOWN,0.0738,UP,False,False Negative,预测跌但实际上涨,normal,0.5,0.4
3,2024-03-26,0388.HK,0.257,DOWN,0.1145,UP,False,False Negative,预测跌但实际上涨,normal,0.5,0.7
3,2024-03-27,0388.HK,0.2322,DOWN,0.1045,UP,False,False Negative,预测跌但实际上涨,extreme_bear,1.0,0.1
3,2024-03-03,0883.HK,0.1255,DOWN,0.1461,UP,False,False Negative,预测跌但实际上涨,unknown,0.5,0.5
3,2024-03-04,0883.HK,0.2542,DOWN,0.1585,UP,False,False Negative,预测跌但实际上涨,weak,0.54,0.3
3,2024-03-05,0883.HK,0.1511,DOWN,0.1422,UP,False,False Negative,预测跌但实际上涨,extreme_bear,1.0,0.0
3,2024-03-06,0883.HK,0.2975,DOWN,0.0965,UP,False,False Negative,预测跌但实际上涨,normal,0.5,0.8
3,2024-03-07,0883.HK,0.2344,DOWN,0.0668,UP,False,False Negative,预测跌但实际上涨,weak,0.54,0.3
3,2024-03-10,0883.HK,0.0905,DOWN,0.1178,UP,False,False Negative,预测跌但实际上涨,normal,0.5,0.8
3,2024-03-11,0883.HK,0.1396,DOWN,0.099,UP,False,False Negative,预测跌但实际上涨,normal,0.5,0.8
3,2024-03-12,0883.HK,0.1054,DOWN,0.1024,UP,False,False Negative,预测跌但实际上涨,normal,0.5,1.0
3,2024-03-13,0883.HK,0.1406,DOWN,0.0722,UP,False,False Negative,预测跌但实际上涨,normal,0.5,0.4
3,2024-03-14,0883.HK,0.1931,DOWN,0.0767,UP,False,False Negative,预测跌但实际上涨,bear,0.54,0.2
3,2024-03-17,0883.HK,0.0576,DOWN,0.0538,UP,False,False Negative,预测跌但实际上涨,extreme_bear,1.0,0.0
3,2024-03-18,0883.HK,0.1071,DOWN,0.0508,UP,False,False Negative,预测跌但实际上涨,normal,0.5,0.5
3,2024-03-19,0883.HK,0.1124,DOWN,0.0044,UP,False,False Negative,预测跌但实际上涨,extreme_bear,1.0,0.1
3,2024-03-20,0883.HK,0.1253,DOWN,0.011,UP,False,False Negative,预测跌但实际上涨,normal,0.5,0.6
3,2024-03-21,0883.HK,0.1565,DOWN,0.0564,UP,False,False Negative,预测跌但实际上涨,normal,0.5,1.0
3,2024-03-24,0883.HK,0.0466,DOWN,0.0544,UP,False,False Negative,预测跌但实际上涨,bear,0.54,0.2
3,2024-03-25,0883.HK,0.0906,DOWN,0.0958,UP,False,False Negative,预测跌但实际上涨,normal,0.5,0.4
3,2024-03-26,0883.HK,0.201,DOWN,0.1227,UP,False,False Negative,预测跌但实际上涨,normal,0.5,0.7
3,2024-03-27,0883.HK,0.0907,DOWN,0.1203,UP,False,False Negative,预测跌但实际上涨,extreme_bear,1.0,0.1
3,2024-03-03,1398.HK,0.7282,UP,-0.0025,DOWN,False,False Positive,预测涨但实际下跌,unknown,0.5,0.5
3,2024-03-04,1398.HK,0.8061,UP,-0.005,DOWN,False,False Positive,预测涨但实际下跌,weak,0.54,0.3
3,2024-03-05,1398.HK,0.5958,UP,-0.0025,DOWN,False,False Positive,预测涨但实际下跌,extreme_bear,1.0,0.0
3,2024-03-06,1398.HK,0.741,UP,-0.0025,DOWN,False,False Positive,预测涨但实际下跌,normal,0.5,0.8
3,2024-03-07,1398.HK,0.623,UP,0.0074,UP,True,True Positive,正确预测上涨,weak,0.54,0.3
3,2024-03-10,1398.HK,0.7156,UP,0.0025,UP,True,True Positive,正确预测上涨,normal,0.5,0.8
3,2024-03-11,1398.HK,0.5831,UP,-0.0292,DOWN,False,False Positive,预测涨但实际下跌,normal,0.5,0.8
3,2024-03-12,1398.HK,0.6023,UP,-0.0025,DOWN,False,False Positive,预测涨但实际下跌,normal,0.5,1.0
3,2024-03-13,1398.HK,0.6653,UP,-0.005,DOWN,False,False Positive,预测涨但实际下跌,normal,0.5,0.4
3,2024-03-14,1398.HK,0.8266,UP,0.0101,UP,True,True Positive,正确预测上涨,bear,0.54,0.2
3,2024-03-17,1398.HK,0.8145,UP,0.0379,UP,True,True Positive,正确预测上涨,extreme_bear,1.0,0.0
3,2024-03-18,1398.HK,0.7288,UP,0.0485,UP,True,True Positive,正确预测上涨,normal,0.5,0.5
3,2024-03-19,1398.HK,0.7343,UP,0.0486,UP,True,True Positive,正确预测上涨,extreme_bear,1.0,0.1
3,2024-03-20,1398.HK,0.4976,DOWN,0.0352,UP,False,False Negative,预测跌但实际上涨,normal,0.5,0.6
3,2024-03-21,1398.HK,0.4031,DOWN,0.0455,UP,False,False Negative,预测跌但实际上涨,normal,0.5,1.0
3,2024-03-24,1398.HK,0.6638,UP,0.0557,UP,True,True Positive,正确预测上涨,bear,0.54,0.2
3,2024-03-25,1398.HK,0.3294,DOWN,0.0375,UP,False,False Negative,预测跌但实际上涨,normal,0.5,0.4
3,2024-03-26,1398.HK,0.6342,UP,0.0579,UP,True,True Positive,正确预测上涨,normal,0.5,0.7
3,2024-03-27,1398.HK,0.6212,UP,0.0736,UP,True,True Positive,正确预测上涨,extreme_bear,1.0,0.1
3,2024-03-03,0688.HK,0.4766,DOWN,0.08,UP,False,False Negative,预测跌但实际上涨,unknown,0.5,0.5
3,2024-03-04,0688.HK,0.2576,DOWN,0.1321,UP,False,False Negative,预测跌但实际上涨,weak,0.54,0.3
3,2024-03-05,0688.HK,0.2308,DOWN,0.1288,UP,False,False Negative,预测跌但实际上涨,extreme_bear,1.0,0.0
3,2024-03-06,0688.HK,0.2592,DOWN,0.1728,UP,False,False Negative,预测跌但实际上涨,normal,0.5,0.8
3,2024-03-07,0688.HK,0.2759,DOWN,0.1721,UP,False,False Negative,预测跌但实际上涨,weak,0.54,0.3
3,2024-03-10,0688.HK,0.1708,DOWN,0.1418,UP,False,False Negative,预测跌但实际上涨,normal,0.5,0.8
3,2024-03-11,0688.HK,0.2277,DOWN,0.0,DOWN,True,True Negative,正确预测下跌,normal,0.5,0.8
3,2024-03-12,0688.HK,0.0655,DOWN,0.0088,UP,False,False Negative,预测跌但实际上涨,normal,0.5,1.0
3,2024-03-13,0688.HK,0.06,DOWN,0.0088,UP,False,False Negative,预测跌但实际上涨,normal,0.5,0.4
3,2024-03-14,0688.HK,0.1457,DOWN,0.031,UP,False,False Negative,预测跌但实际上涨,bear,0.54,0.2
3,2024-03-17,0688.HK,0.1671,DOWN,0.055,UP,False,False Negative,预测跌但实际上涨,extreme_bear,1.0,0.0
3,2024-03-18,0688.HK,0.1454,DOWN,0.0992,UP,False,False Negative,预测跌但实际上涨,normal,0.5,0.5
3,2024-03-19,0688.HK,0.1371,DOWN,0.104,UP,False,False Negative,预测跌但实际上涨,extreme_bear,1.0,0.1
3,2024-03-20,0688.HK,0.0524,DOWN,0.0669,UP,False,False Negative,预测跌但实际上涨,normal,0.5,0.6
3,2024-03-21,0688.HK,0.0667,DOWN,0.141,UP,False,False Negative,预测跌但实际上涨,normal,0.5,1.0
3,2024-03-24,0688.HK,0.1369,DOWN,0.1922,UP,False,False Negative,预测跌但实际上涨,bear,0.54,0.2
3,2024-03-25,0688.HK,0.0541,DOWN,0.2737,UP,False,False Negative,预测跌但实际上涨,normal,0.5,0.4
3,2024-03-26,0688.HK,0.0784,DOWN,0.3672,UP,False,False Negative,预测跌但实际上涨,normal,0.5,0.7
3,2024-03-27,0688.HK,0.0703,DOWN,0.2948,UP,False,False Negative,预测跌但实际上涨,extreme_bear,1.0,0.1
3,2024-03-03,1810.HK,0.5036,UP,0.1664,UP,True,True Positive,正确预测上涨,unknown,0.5,0.5
3,2024-03-04,1810.HK,0.4301,DOWN,0.2179,UP,False,False Negative,预测跌但实际上涨,weak,0.54,0.3
3,2024-03-05,1810.HK,0.2529,DOWN,0.1887,UP,False,False Negative,预测跌但实际上涨,extreme_bear,1.0,0.0
3,2024-03-06,1810.HK,0.4472,DOWN,0.2484,UP,False,False Negative,预测跌但实际上涨,normal,0.5,0.8
3,2024-03-07,1810.HK,0.2407,DOWN,0.2232,UP,False,False Negative,预测跌但实际上涨,weak,0.54,0.3
3,2024-03-10,1810.HK,0.3267,DOWN,0.2,UP,False,False Negative,预测跌但实际上涨,normal,0.5,0.8
3,2024-03-11,1810.HK,0.0675,DOWN,0.1059,UP,False,False Negative,预测跌但实际上涨,normal,0.5,0.8
3,2024-03-12,1810.HK,0.093,DOWN,0.1072,UP,False,False Negative,预测跌但实际上涨,normal,0.5,1.0
3,2024-03-13,1810.HK,0.1549,DOWN,0.0786,UP,False,False Negative,预测跌但实际上涨,normal,0.5,0.4
3,2024-03-14,1810.HK,0.2216,DOWN,0.1197,UP,False,False Negative,预测跌但实际上涨,bear,0.54,0.2
3,2024-03-17,1810.HK,0.2247,DOWN,0.0964,UP,False,False Negative,预测跌但实际上涨,extreme_bear,1.0,0.0
3,2024-03-18,1810.HK,0.1712,DOWN,0.0633,UP,False,False Negative,预测跌但实际上涨,normal,0.5,0.5
3,2024-03-19,1810.HK,0.2203,DOWN,0.091,UP,False,False Negative,预测跌但实际上涨,extreme_bear,1.0,0.1
3,2024-03-20,1810.HK,0.1247,DOWN,0.0962,UP,False,False Negative,预测跌但实际上涨,normal,0.5,0.6
3,2024-03-21,1810.HK,0.141,DOWN,0.1257,UP,False,False Negative,预测跌但实际上涨,normal,0.5,1.0
3,2024-03-24,1810.HK,0.2428,DOWN,0.1201,UP,False,False Negative,预测跌但实际上涨,bear,0.54,0.2
3,2024-03-25,1810.HK,0.0628,DOWN,0.1346,UP,False,False Negative,预测跌但实际上涨,normal,0.5,0.4
3,2024-03-26,1810.HK,0.108,DOWN,0.1802,UP,False,False Negative,预测跌但实际上涨,normal,0.5,0.7
3,2024-03-27,1810.HK,0.0718,DOWN,0.1593,UP,False,False Negative,预测跌但实际上涨,extreme_bear,1.0,0.1
4,2024-04-01,0700.HK,0.1239,DOWN,0.1656,UP,False,False Negative,预测跌但实际上涨,unknown,0.5,0.5
4,2024-04-02,0700.HK,0.0849,DOWN,0.1816,UP,False,False Negative,预测跌但实际上涨,normal,0.5,1.0
4,2024-04-04,0700.HK,0.2977,DOWN,0.1942,UP,False,False Negative,预测跌但实际上涨,extreme_bear,1.0,0.0
4,2024-04-07,0700.HK,0.288,DOWN,0.1978,UP,False,False Negative,预测跌但实际上涨,normal,0.5,0.5
4,2024-04-08,0700.HK,0.1502,DOWN,0.1849,UP,False,False Negative,预测跌但实际上涨,normal,0.5,0.4
4,2024-04-09,0700.HK,0.121,DOWN,0.177,UP,False,False Negative,预测跌但实际上涨,normal,0.5,0.5
4,2024-04-10,0700.HK,0.0813,DOWN,0.1778,UP,False,False Negative,预测跌但实际上涨,normal,0.5,0.9
4,2024-04-11,0700.HK,0.1609,DOWN,0.2216,UP,False,False Negative,预测跌但实际上涨,normal,0.5,0.5
4,2024-04-14,0700.HK,0.2825,DOWN,0.2543,UP,False,False Negative,预测跌但实际上涨,extreme_bear,1.0,0.1
4,2024-04-15,0700.HK,0.1922,DOWN,0.3154,UP,False,False Negative,预测跌但实际上涨,normal,0.5,0.4
4,2024-04-16,0700.HK,0.2837,DOWN,0.3245,UP,False,False Negative,预测跌但实际上涨,extreme_bear,1.0,0.1
4,2024-04-17,0700.HK,0.1804,DOWN,0.3088,UP,False,False Negative,预测跌但实际上涨,normal,0.5,0.4
4,2024-04-18,0700.HK,0.1712,DOWN,0.2736,UP,False,False Negative,预测跌但实际上涨,normal,0.5,0.8
4,2024-04-21,0700.HK,0.2405,DOWN,0.2101,UP,False,False Negative,预测跌但实际上涨,bear,0.54,0.2
4,2024-04-22,0700.HK,0.0798,DOWN,0.1585,UP,False,False Negative,预测跌但实际上涨,normal,0.5,0.8
4,2024-04-23,0700.HK,0.0981,DOWN,0.1048,UP,False,False Negative,预测跌但实际上涨,normal,0.5,1.0
4,2024-04-24,0700.HK,0.1384,DOWN,0.1216,UP,False,False Negative,预测跌但实际上涨,normal,0.5,1.0
4,2024-04-25,0700.HK,0.0968,DOWN,0.1007,UP,False,False Negative,预测跌但实际上涨,normal,0.5,0.8
4,2024-04-28,0700.HK,0.1671,DOWN,0.0765,UP,False,False Negative,预测跌但实际上涨,normal,0.5,0.9
4,2024-04-29,0700.HK,0.2402,DOWN,0.0691,UP,False,False Negative,预测跌但实际上涨,normal,0.5,0.8
4,2024-04-01,0005.HK,0.5045,UP,0.1187,UP,True,True Positive,正确预测上涨,unknown,0.5,0.5
4,2024-04-02,0005.HK,0.4779,DOWN,0.1295,UP,False,False Negative,预测跌但实际上涨,normal,0.5,1.0
4,2024-04-04,0005.HK,0.4879,DOWN,0.1028,UP,False,False Negative,预测跌但实际上涨,extreme_bear,1.0,0.0
4,2024-04-07,0005.HK,0.4514,DOWN,0.1028,UP,False,False Negative,预测跌但实际上涨,normal,0.5,0.5
4,2024-04-08,0005.HK,0.4384,DOWN,0.1009,UP,False,False Negative,预测跌但实际上涨,normal,0.5,0.4
4,2024-04-09,0005.HK,0.5403,UP,0.082,UP,True,True Positive,正确预测上涨,normal,0.5,0.5
4,2024-04-10,0005.HK,0.5685,UP,0.0859,UP,True,True Positive,正确预测上涨,normal,0.5,0.9
4,2024-04-11,0005.HK,0.4392,DOWN,0.1054,UP,False,False Negative,预测跌但实际上涨,normal,0.5,0.5
4,2024-04-14,0005.HK,0.3773,DOWN,0.1183,UP,False,False Negative,预测跌但实际上涨,extreme_bear,1.0,0.1
4,2024-04-15,0005.HK,0.5595,UP,0.1634,UP,True,True Positive,正确预测上涨,normal,0.5,0.4
4,2024-04-16,0005.HK,0.7342,UP,0.1423,UP,True,True Positive,正确预测上涨,extreme_bear,1.0,0.1
4,2024-04-17,0005.HK,0.2627,DOWN,0.1381,UP,False,False Negative,预测跌但实际上涨,normal,0.5,0.4
4,2024-04-18,0005.HK,0.2636,DOWN,0.1487,UP,False,False Negative,预测跌但实际上涨,normal,0.5,0.8
4,2024-04-21,0005.HK,0.392,DOWN,0.1353,UP,False,False Negative,预测跌但实际上涨,bear,0.54,0.2
4,2024-04-22,0005.HK,0.3111,DOWN,0.1122,UP,False,False Negative,预测跌但实际上涨,normal,0.5,0.8
4,2024-04-23,0005.HK,0.3487,DOWN,0.0965,UP,False,False Negative,预测跌但实际上涨,normal,0.5,1.0
4,2024-04-24,0005.HK,0.4185,DOWN,0.102,UP,False,False Negative,预测跌但实际上涨,normal,0.5,1.0
4,2024-04-25,0005.HK,0.3828,DOWN,0.0986,UP,False,False Negative,预测跌但实际上涨,normal,0.5,0.8
4,2024-04-28,0005.HK,0.3849,DOWN,0.0822,UP,False,False Negative,预测跌但实际上涨,normal,0.5,0.9
4,2024-04-29,0005.HK,0.3469,DOWN,0.0534,UP,False,False Negative,预测跌但实际上涨,normal,0.5,0.8
4,2024-04-01,2318.HK,0.1586,DOWN,0.1209,UP,False,False Negative,预测跌但实际上涨,unknown,0.5,0.5
4,2024-04-02,2318.HK,0.0514,DOWN,0.1771,UP,False,False Negative,预测跌但实际上涨,normal,0.5,1.0
4,2024-04-04,2318.HK,0.4887,DOWN,0.19,UP,False,False Negative,预测跌但实际上涨,extreme_bear,1.0,0.0
4,2024-04-07,2318.HK,0.4022,DOWN,0.2166,UP,False,False Negative,预测跌但实际上涨,normal,0.5,0.5
4,2024-04-08,2318.HK,0.226,DOWN,0.1777,UP,False,False Negative,预测跌但实际上涨,normal,0.5,0.4
4,2024-04-09,2318.HK,0.2169,DOWN,0.1982,UP,False,False Negative,预测跌但实际上涨,normal,0.5,0.5
4,2024-04-10,2318.HK,0.3577,DOWN,0.2692,UP,False,False Negative,预测跌但实际上涨,normal,0.5,0.9
4,2024-04-11,2318.HK,0.8065,UP,0.3409,UP,True,True Positive,正确预测上涨,normal,0.5,0.5
4,2024-04-14,2318.HK,0.8884,UP,0.3229,UP,True,True Positive,正确预测上涨,extreme_bear,1.0,0.1
4,2024-04-15,2318.HK,0.8713,UP,0.4381,UP,True,True Positive,正确预测上涨,normal,0.5,0.4
4,2024-04-16,2318.HK,0.6589,UP,0.5075,UP,True,True Positive,正确预测上涨,extreme_bear,1.0,0.1
4,2024-04-17,2318.HK,0.5813,UP,0.4315,UP,True,True Positive,正确预测上涨,normal,0.5,0.4
4,2024-04-18,2318.HK,0.4504,DOWN,0.4222,UP,False,False Negative,预测跌但实际上涨,normal,0.5,0.8
4,2024-04-21,2318.HK,0.1721,DOWN,0.3807,UP,False,False Negative,预测跌但实际上涨,bear,0.54,0.2
4,2024-04-22,2318.HK,0.1942,DOWN,0.2909,UP,False,False Negative,预测跌但实际上涨,normal,0.5,0.8
4,2024-04-23,2318.HK,0.299,DOWN,0.2224,UP,False,False Negative,预测跌但实际上涨,normal,0.5,1.0
4,2024-04-24,2318.HK,0.115,DOWN,0.1972,UP,False,False Negative,预测跌但实际上涨,normal,0.5,1.0
4,2024-04-25,2318.HK,0.0563,DOWN,0.1788,UP,False,False Negative,预测跌但实际上涨,normal,0.5,0.8
4,2024-04-28,2318.HK,0.2759,DOWN,0.1257,UP,False,False Negative,预测跌但实际上涨,normal,0.5,0.9
4,2024-04-29,2318.HK,0.1307,DOWN,0.1196,UP,False,False Negative,预测跌但实际上涨,normal,0.5,0.8
4,2024-04-01,1299.HK,0.815,UP,0.1032,UP,True,True Positive,正确预测上涨,unknown,0.5,0.5
4,2024-04-02,1299.HK,0.6094,UP,0.1575,UP,True,True Positive,正确预测上涨,normal,0.5,1.0
4,2024-04-04,1299.HK,0.8708,UP,0.165,UP,True,True Positive,正确预测上涨,extreme_bear,1.0,0.0
4,2024-04-07,1299.HK,0.7965,UP,0.1711,UP,True,True Positive,正确预测上涨,normal,0.5,0.5
4,2024-04-08,1299.HK,0.7646,UP,0.1734,UP,True,True Positive,正确预测上涨,normal,0.5,0.4
4,2024-04-09,1299.HK,0.7605,UP,0.2077,UP,True,True Positive,正确预测上涨,normal,0.5,0.5
4,2024-04-10,1299.HK,0.761,UP,0.2442,UP,True,True Positive,正确预测上涨,normal,0.5,0.9
4,2024-04-11,1299.HK,0.9327,UP,0.3251,UP,True,True Positive,正确预测上涨,normal,0.5,0.5
4,2024-04-14,1299.HK,0.9829,UP,0.3312,UP,True,True Positive,正确预测上涨,extreme_bear,1.0,0.1
4,2024-04-15,1299.HK,0.9794,UP,0.3739,UP,True,True Positive,正确预测上涨,normal,0.5,0.4
4,2024-04-16,1299.HK,0.974,UP,0.3953,UP,True,True Positive,正确预测上涨,extreme_bear,1.0,0.1
4,2024-04-17,1299.HK,0.9663,UP,0.3615,UP,True,True Positive,正确预测上涨,normal,0.5,0.4
4,2024-04-18,1299.HK,0.966,UP,0.3273,UP,True,True Positive,正确预测上涨,normal,0.5,0.8
4,2024-04-21,1299.HK,0.9297,UP,0.2939,UP,True,True Positive,正确预测上涨,bear,0.54,0.2
4,2024-04-22,1299.HK,0.9113,UP,0.2646,UP,True,True Positive,正确预测上涨,normal,0.5,0.8
4,2024-04-23,1299.HK,0.8524,UP,0.1982,UP,True,True Positive,正确预测上涨,normal,0.5,1.0
4,2024-04-24,1299.HK,0.8491,UP,0.1979,UP,True,True Positive,正确预测上涨,normal,0.5,1.0
4,2024-04-25,1299.HK,0.5622,UP,0.1417,UP,True,True Positive,正确预测上涨,normal,0.5,0.8
4,2024-04-28,1299.HK,0.7312,UP,0.0749,UP,True,True Positive,正确预测上涨,normal,0.5,0.9
4,2024-04-29,1299.HK,0.3909,DOWN,0.055,UP,False,False Negative,预测跌但实际上涨,normal,0.5,0.8
4,2024-04-01,9988.HK,0.1006,DOWN,0.0718,UP,False,False Negative,预测跌但实际上涨,unknown,0.5,0.5
4,2024-04-02,9988.HK,0.1438,DOWN,0.1258,UP,False,False Negative,预测跌但实际上涨,normal,0.5,1.0
4,2024-04-04,9988.HK,0.235,DOWN,0.1349,UP,False,False Negative,预测跌但实际上涨,extreme_bear,1.0,0.0
4,2024-04-07,9988.HK,0.1168,DOWN,0.1087,UP,False,False Negative,预测跌但实际上涨,normal,0.5,0.5
4,2024-04-08,9988.HK,0.1388,DOWN,0.0801,UP,False,False Negative,预测跌但实际上涨,normal,0.5,0.4
4,2024-04-09,9988.HK,0.0862,DOWN,0.0385,UP,False,False Negative,预测跌但实际上涨,normal,0.5,0.5
4,2024-04-10,9988.HK,0.102,DOWN,0.0505,UP,False,False Negative,预测跌但实际上涨,normal,0.5,0.9
4,2024-04-11,9988.HK,0.403,DOWN,0.1326,UP,False,False Negative,预测跌但实际上涨,normal,0.5,0.5
4,2024-04-14,9988.HK,0.3923,DOWN,0.174,UP,False,False Negative,预测跌但实际上涨,extreme_bear,1.0,0.1
4,2024-04-15,9988.HK,0.5966,UP,0.1644,UP,True,True Positive,正确预测上涨,normal,0.5,0.4
4,2024-04-16,9988.HK,0.5777,UP,0.2603,UP,True,True Positive,正确预测上涨,extreme_bear,1.0,0.1
4,2024-04-17,9988.HK,0.5504,UP,0.257,UP,True,True Positive,正确预测上涨,normal,0.5,0.4
4,2024-04-18,9988.HK,0.5933,UP,0.2654,UP,True,True Positive,正确预测上涨,normal,0.5,0.8
4,2024-04-21,9988.HK,0.4923,DOWN,0.2126,UP,False,False Negative,预测跌但实际上涨,bear,0.54,0.2
4,2024-04-22,9988.HK,0.5239,UP,0.1268,UP,True,True Positive,正确预测上涨,normal,0.5,0.8
4,2024-04-23,9988.HK,0.4298,DOWN,0.0779,UP,False,False Negative,预测跌但实际上涨,normal,0.5,1.0
4,2024-04-24,9988.HK,0.4758,DOWN,0.0856,UP,False,False Negative,预测跌但实际上涨,normal,0.5,1.0
4,2024-04-25,9988.HK,0.2113,DOWN,0.0564,UP,False,False Negative,预测跌但实际上涨,normal,0.5,0.8
4,2024-04-28,9988.HK,0.3775,DOWN,0.033,UP,False,False Negative,预测跌但实际上涨,normal,0.5,0.9
4,2024-04-29,9988.HK,0.2538,DOWN,0.0262,UP,False,False Negative,预测跌但实际上涨,normal,0.5,0.8
4,2024-04-01,0388.HK,0.1388,DOWN,0.1316,UP,False,False Negative,预测跌但实际上涨,unknown,0.5,0.5
4,2024-04-02,0388.HK,0.1707,DOWN,0.1769,UP,False,False Negative,预测跌但实际上涨,normal,0.5,1.0
4,2024-04-04,0388.HK,0.2823,DOWN,0.1899,UP,False,False Negative,预测跌但实际上涨,extreme_bear,1.0,0.0
4,2024-04-07,0388.HK,0.3687,DOWN,0.1656,UP,False,False Negative,预测跌但实际上涨,normal,0.5,0.5
4,2024-04-08,0388.HK,0.2315,DOWN,0.1159,UP,False,False Negative,预测跌但实际上涨,normal,0.5,0.4
4,2024-04-09,0388.HK,0.2481,DOWN,0.1321,UP,False,False Negative,预测跌但实际上涨,normal,0.5,0.5
4,2024-04-10,0388.HK,0.1413,DOWN,0.2214,UP,False,False Negative,预测跌但实际上涨,normal,0.5,0.9
4,2024-04-11,0388.HK,0.5307,UP,0.241,UP,True,True Positive,正确预测上涨,normal,0.5,0.5
4,2024-04-14,0388.HK,0.5379,UP,0.2674,UP,True,True Positive,正确预测上涨,extreme_bear,1.0,0.1
4,2024-04-15,0388.HK,0.8633,UP,0.3419,UP,True,True Positive,正确预测上涨,normal,0.5,0.4
4,2024-04-16,0388.HK,0.863,UP,0.3683,UP,True,True Positive,正确预测上涨,extreme_bear,1.0,0.1
4,2024-04-17,0388.HK,0.7477,UP,0.3532,UP,True,True Positive,正确预测上涨,normal,0.5,0.4
4,2024-04-18,0388.HK,0.6861,UP,0.329,UP,True,True Positive,正确预测上涨,normal,0.5,0.8
4,2024-04-21,0388.HK,0.2888,DOWN,0.29,UP,False,False Negative,预测跌但实际上涨,bear,0.54,0.2
4,2024-04-22,0388.HK,0.2417,DOWN,0.2036,UP,False,False Negative,预测跌但实际上涨,normal,0.5,0.8
4,2024-04-23,0388.HK,0.1038,DOWN,0.1464,UP,False,False Negative,预测跌但实际上涨,normal,0.5,1.0
4,2024-04-24,0388.HK,0.0931,DOWN,0.1305,UP,False,False Negative,预测跌但实际上涨,normal,0.5,1.0
4,2024-04-25,0388.HK,0.2156,DOWN,0.1047,UP,False,False Negative,预测跌但实际上涨,normal,0.5,0.8
4,2024-04-28,0388.HK,0.1565,DOWN,0.0635,UP,False,False Negative,预测跌但实际上涨,normal,0.5,0.9
4,2024-04-29,0388.HK,0.0938,DOWN,0.0469,UP,False,False Negative,预测跌但实际上涨,normal,0.5,0.8
4,2024-04-01,0883.HK,0.3598,DOWN,0.0543,UP,False,False Negative,预测跌但实际上涨,unknown,0.5,0.5
4,2024-04-02,0883.HK,0.3895,DOWN,0.0606,UP,False,False Negative,预测跌但实际上涨,normal,0.5,1.0
4,2024-04-04,0883.HK,0.3235,DOWN,0.0218,UP,False,False Negative,预测跌但实际上涨,extreme_bear,1.0,0.0
4,2024-04-07,0883.HK,0.2374,DOWN,0.0366,UP,False,False Negative,预测跌但实际上涨,normal,0.5,0.5
4,2024-04-08,0883.HK,0.3495,DOWN,0.0509,UP,False,False Negative,预测跌但实际上涨,normal,0.5,0.4
4,2024-04-09,0883.HK,0.4564,DOWN,0.0397,UP,False,False Negative,预测跌但实际上涨,normal,0.5,0.5
4,2024-04-10,0883.HK,0.3523,DOWN,0.0589,UP,False,False Negative,预测跌但实际上涨,normal,0.5,0.9
4,2024-04-11,0883.HK,0.3651,DOWN,0.0471,UP,False,False Negative,预测跌但实际上涨,normal,0.5,0.5
4,2024-04-14,0883.HK,0.2018,DOWN,0.0083,UP,False,False Negative,预测跌但实际上涨,extreme_bear,1.0,0.1
4,2024-04-15,0883.HK,0.282,DOWN,0.0168,UP,False,False Negative,预测跌但实际上涨,normal,0.5,0.4
4,2024-04-16,0883.HK,0.2477,DOWN,0.0287,UP,False,False Negative,预测跌但实际上涨,extreme_bear,1.0,0.1
4,2024-04-17,0883.HK,0.2235,DOWN,0.0685,UP,False,False Negative,预测跌但实际上涨,normal,0.5,0.4
4,2024-04-18,0883.HK,0.2583,DOWN,0.0322,UP,False,False Negative,预测跌但实际上涨,normal,0.5,0.8
4,2024-04-21,0883.HK,0.263,DOWN,0.0485,UP,False,False Negative,预测跌但实际上涨,bear,0.54,0.2
4,2024-04-22,0883.HK,0.3264,DOWN,0.0413,UP,False,False Negative,预测跌但实际上涨,normal,0.5,0.8
4,2024-04-23,0883.HK,0.1541,DOWN,0.0481,UP,False,False Negative,预测跌但实际上涨,normal,0.5,1.0
4,2024-04-24,0883.HK,0.1154,DOWN,0.0763,UP,False,False Negative,预测跌但实际上涨,normal,0.5,1.0
4,2024-04-25,0883.HK,0.1159,DOWN,0.0467,UP,False,False Negative,预测跌但实际上涨,normal,0.5,0.8
4,2024-04-28,0883.HK,0.0666,DOWN,0.0602,UP,False,False Negative,预测跌但实际上涨,normal,0.5,0.9
4,2024-04-29,0883.HK,0.0479,DOWN,0.0074,UP,False,False Negative,预测跌但实际上涨,normal,0.5,0.8
4,2024-04-01,1398.HK,0.853,UP,0.0496,UP,True,True Positive,正确预测上涨,unknown,0.5,0.5
4,2024-04-02,1398.HK,0.6234,UP,0.0673,UP,True,True Positive,正确预测上涨,normal,0.5,1.0
4,2024-04-04,1398.HK,0.7648,UP,0.0806,UP,True,True Positive,正确预测上涨,extreme_bear,1.0,0.0
4,2024-04-07,1398.HK,0.6473,UP,0.0721,UP,True,True Positive,正确预测上涨,normal,0.5,0.5
4,2024-04-08,1398.HK,0.5772,UP,0.0672,UP,True,True Positive,正确预测上涨,normal,0.5,0.4
4,2024-04-09,1398.HK,0.3745,DOWN,0.0662,UP,False,False Negative,预测跌但实际上涨,normal,0.5,0.5
4,2024-04-10,1398.HK,0.5747,UP,0.113,UP,True,True Positive,正确预测上涨,normal,0.5,0.9
4,2024-04-11,1398.HK,0.4067,DOWN,0.1378,UP,False,False Negative,预测跌但实际上涨,normal,0.5,0.5
4,2024-04-14,1398.HK,0.2218,DOWN,0.1092,UP,False,False Negative,预测跌但实际上涨,extreme_bear,1.0,0.1
4,2024-04-15,1398.HK,0.5275,UP,0.1775,UP,True,True Positive,正确预测上涨,normal,0.5,0.4
4,2024-04-16,1398.HK,0.6652,UP,0.1716,UP,True,True Positive,正确预测上涨,extreme_bear,1.0,0.1
4,2024-04-17,1398.HK,0.6629,UP,0.1509,UP,True,True Positive,正确预测上涨,normal,0.5,0.4
4,2024-04-18,1398.HK,0.5903,UP,0.1582,UP,True,True Positive,正确预测上涨,normal,0.5,0.8
4,2024-04-21,1398.HK,0.5284,UP,0.161,UP,True,True Positive,正确预测上涨,bear,0.54,0.2
4,2024-04-22,1398.HK,0.6778,UP,0.1408,UP,True,True Positive,正确预测上涨,normal,0.5,0.8
4,2024-04-23,1398.HK,0.5098,UP,0.1256,UP,True,True Positive,正确预测上涨,normal,0.5,1.0
4,2024-04-24,1398.HK,0.2786,DOWN,0.1175,UP,False,False Negative,预测跌但实际上涨,normal,0.5,1.0
4,2024-04-25,1398.HK,0.3124,DOWN,0.1181,UP,False,False Negative,预测跌但实际上涨,normal,0.5,0.8
4,2024-04-28,1398.HK,0.187,DOWN,0.0833,UP,False,False Negative,预测跌但实际上涨,normal,0.5,0.9
4,2024-04-29,1398.HK,0.2152,DOWN,0.0567,UP,False,False Negative,预测跌但实际上涨,normal,0.5,0.8
4,2024-04-01,0688.HK,0.1387,DOWN,0.2559,UP,False,False Negative,预测跌但实际上涨,unknown,0.5,0.5
4,2024-04-02,0688.HK,0.0376,DOWN,0.3114,UP,False,False Negative,预测跌但实际上涨,normal,0.5,1.0
4,2024-04-04,0688.HK,0.0676,DOWN,0.245,UP,False,False Negative,预测跌但实际上涨,extreme_bear,1.0,0.0
4,2024-04-07,0688.HK,0.1892,DOWN,0.255,UP,False,False Negative,预测跌但实际上涨,normal,0.5,0.5
4,2024-04-08,0688.HK,0.0391,DOWN,0.2053,UP,False,False Negative,预测跌但实际上涨,normal,0.5,0.4
4,2024-04-09,0688.HK,0.0246,DOWN,0.2007,UP,False,False Negative,预测跌但实际上涨,normal,0.5,0.5
4,2024-04-10,0688.HK,0.0618,DOWN,0.2748,UP,False,False Negative,预测跌但实际上涨,normal,0.5,0.9
4,2024-04-11,0688.HK,0.2204,DOWN,0.3172,UP,False,False Negative,预测跌但实际上涨,normal,0.5,0.5
4,2024-04-14,0688.HK,0.2204,DOWN,0.324,UP,False,False Negative,预测跌但实际上涨,extreme_bear,1.0,0.1
4,2024-04-15,0688.HK,0.08,DOWN,0.3829,UP,False,False Negative,预测跌但实际上涨,normal,0.5,0.4
4,2024-04-16,0688.HK,0.0837,DOWN,0.4594,UP,False,False Negative,预测跌但实际上涨,extreme_bear,1.0,0.1
4,2024-04-17,0688.HK,0.1094,DOWN,0.4209,UP,False,False Negative,预测跌但实际上涨,normal,0.5,0.4
4,2024-04-18,0688.HK,0.0682,DOWN,0.3958,UP,False,False Negative,预测跌但实际上涨,normal,0.5,0.8
4,2024-04-21,0688.HK,0.139,DOWN,0.3818,UP,False,False Negative,预测跌但实际上涨,bear,0.54,0.2
4,2024-04-22,0688.HK,0.0678,DOWN,0.3576,UP,False,False Negative,预测跌但实际上涨,normal,0.5,0.8
4,2024-04-23,0688.HK,0.106,DOWN,0.2883,UP,False,False Negative,预测跌但实际上涨,normal,0.5,1.0
4,2024-04-24,0688.HK,0.0443,DOWN,0.2295,UP,False,False Negative,预测跌但实际上涨,normal,0.5,1.0
4,2024-04-25,0688.HK,0.0129,DOWN,0.1089,UP,False,False Negative,预测跌但实际上涨,normal,0.5,0.8
4,2024-04-28,0688.HK,0.0838,DOWN,0.0551,UP,False,False Negative,预测跌但实际上涨,normal,0.5,0.9
4,2024-04-29,0688.HK,0.0113,DOWN,0.0343,UP,False,False Negative,预测跌但实际上涨,normal,0.5,0.8
4,2024-04-01,1810.HK,0.2832,DOWN,0.0835,UP,False,False Negative,预测跌但实际上涨,unknown,0.5,0.5
4,2024-04-02,1810.HK,0.3292,DOWN,0.1684,UP,False,False Negative,预测跌但实际上涨,normal,0.5,1.0
4,2024-04-04,1810.HK,0.4587,DOWN,0.1647,UP,False,False Negative,预测跌但实际上涨,extreme_bear,1.0,0.0
4,2024-04-07,1810.HK,0.4849,DOWN,0.1574,UP,False,False Negative,预测跌但实际上涨,normal,0.5,0.5
4,2024-04-08,1810.HK,0.2722,DOWN,0.1952,UP,False,False Negative,预测跌但实际上涨,normal,0.5,0.4
4,2024-04-09,1810.HK,0.3564,DOWN,0.1975,UP,False,False Negative,预测跌但实际上涨,normal,0.5,0.5
4,2024-04-10,1810.HK,0.3517,DOWN,0.2065,UP,False,False Negative,预测跌但实际上涨,normal,0.5,0.9
4,2024-04-11,1810.HK,0.3093,DOWN,0.1733,UP,False,False Negative,预测跌但实际上涨,normal,0.5,0.5
4,2024-04-14,1810.HK,0.5195,UP,0.2094,UP,True,True Positive,正确预测上涨,extreme_bear,1.0,0.1
4,2024-04-15,1810.HK,0.5712,UP,0.245,UP,True,True Positive,正确预测上涨,normal,0.5,0.4
4,2024-04-16,1810.HK,0.4493,DOWN,0.2248,UP,False,False Negative,预测跌但实际上涨,extreme_bear,1.0,0.1
4,2024-04-17,1810.HK,0.4377,DOWN,0.2137,UP,False,False Negative,预测跌但实际上涨,normal,0.5,0.4
4,2024-04-18,1810.HK,0.6386,UP,0.2215,UP,True,True Positive,正确预测上涨,normal,0.5,0.8
4,2024-04-21,1810.HK,0.6134,UP,0.2288,UP,True,True Positive,正确预测上涨,bear,0.54,0.2
4,2024-04-22,1810.HK,0.3165,DOWN,0.1706,UP,False,False Negative,预测跌但实际上涨,normal,0.5,0.8
4,2024-04-23,1810.HK,0.2362,DOWN,0.0984,UP,False,False Negative,预测跌但实际上涨,normal,0.5,1.0
4,2024-04-24,1810.HK,0.2296,DOWN,0.1108,UP,False,False Negative,预测跌但实际上涨,normal,0.5,1.0
4,2024-04-25,1810.HK,0.161,DOWN,0.0449,UP,False,False Negative,预测跌但实际上涨,normal,0.5,0.8
4,2024-04-28,1810.HK,0.3888,DOWN,0.0207,UP,False,False Negative,预测跌但实际上涨,normal,0.5,0.9
4,2024-04-29,1810.HK,0.4377,DOWN,0.0219,UP,False,False Negative,预测跌但实际上涨,normal,0.5,0.8
5,2024-05-01,0700.HK,0.6979,UP,0.007,UP,True,True Positive,正确预测上涨,unknown,0.5,0.5
5,2024-05-02,0700.HK,0.5398,UP,0.038,UP,True,True Positive,正确预测上涨,normal,0.5,0.8
5,2024-05-05,0700.HK,0.4483,DOWN,0.0283,UP,False,False Negative,预测跌但实际上涨,normal,0.5,1.0
5,2024-05-06,0700.HK,0.5362,UP,0.05,UP,True,True Positive,正确预测上涨,normal,0.5,0.5
5,2024-05-07,0700.HK,0.3271,DOWN,0.065,UP,False,False Negative,预测跌但实际上涨,normal,0.5,0.5
5,2024-05-08,0700.HK,0.4359,DOWN,0.0223,UP,False,False Negative,预测跌但实际上涨,bear,0.54,0.2
5,2024-05-09,0700.HK,0.4133,DOWN,0.0163,UP,False,False Negative,预测跌但实际上涨,normal,0.5,0.9
5,2024-05-12,0700.HK,0.4871,DOWN,-0.0111,DOWN,True,True Negative,正确预测下跌,normal,0.5,1.0
5,2024-05-13,0700.HK,0.7006,UP,0.0034,UP,True,True Positive,正确预测上涨,normal,0.5,0.5
5,2024-05-15,0700.HK,0.7055,UP,-0.0351,DOWN,False,False Positive,预测涨但实际下跌,normal,0.5,0.5
5,2024-05-16,0700.HK,0.6365,UP,-0.0349,DOWN,False,False Positive,预测涨但实际下跌,normal,0.5,0.7
5,2024-05-19,0700.HK,0.4534,DOWN,-0.0456,DOWN,True,True Negative,正确预测下跌,normal,0.5,0.8
5,2024-05-20,0700.HK,0.7442,UP,0.0141,UP,True,True Positive,正确预测上涨,normal,0.5,0.4
5,2024-05-21,0700.HK,0.7037,UP,0.0083,UP,True,True Positive,正确预测上涨,extreme_bear,1.0,0.1
5,2024-05-22,0700.HK,0.8473,UP,-0.001,DOWN,False,False Positive,预测涨但实际下跌,normal,0.5,0.4
5,2024-05-23,0700.HK,0.8417,UP,0.009,UP,True,True Positive,正确预测上涨,extreme_bear,1.0,0.1
5,2024-05-26,0700.HK,0.7275,UP,0.0122,UP,True,True Positive,正确预测上涨,extreme_bear,1.0,0.1
5,2024-05-27,0700.HK,0.4589,DOWN,0.0047,UP,False,False Negative,预测跌但实际上涨,normal,0.5,0.9
5,2024-05-28,0700.HK,0.8067,UP,0.0092,UP,True,True Positive,正确预测上涨,weak,0.54,0.3
5,2024-05-29,0700.HK,0.7422,UP,0.012,UP,True,True Positive,正确预测上涨,extreme_bear,1.0,0.1
5,2024-05-30,0700.HK,0.7446,UP,0.0261,UP,True,True Positive,正确预测上涨,extreme_bear,1.0,0.0
5,2024-05-01,0005.HK,0.6678,UP,0.0267,UP,True,True Positive,正确预测上涨,unknown,0.5,0.5
5,2024-05-02,0005.HK,0.8627,UP,0.0326,UP,True,True Positive,正确预测上涨,normal,0.5,0.8
5,2024-05-05,0005.HK,0.6327,UP,0.0252,UP,True,True Positive,正确预测上涨,normal,0.5,1.0
5,2024-05-06,0005.HK,0.7588,UP,0.0119,UP,True,True Positive,正确预测上涨,normal,0.5,0.5
5,2024-05-07,0005.HK,0.7919,UP,0.0084,UP,True,True Positive,正确预测上涨,normal,0.5,0.5
5,2024-05-08,0005.HK,0.7662,UP,0.0155,UP,True,True Positive,正确预测上涨,bear,0.54,0.2
5,2024-05-09,0005.HK,0.83,UP,0.0074,UP,True,True Positive,正确预测上涨,normal,0.5,0.9
5,2024-05-12,0005.HK,0.6914,UP,0.0007,UP,True,True Positive,正确预测上涨,normal,0.5,1.0
5,2024-05-13,0005.HK,0.8865,UP,-0.0152,DOWN,False,False Positive,预测涨但实际下跌,normal,0.5,0.5
5,2024-05-15,0005.HK,0.8975,UP,-0.0421,DOWN,False,False Positive,预测涨但实际下跌,normal,0.5,0.5
5,2024-05-16,0005.HK,0.8314,UP,-0.0139,DOWN,False,False Positive,预测涨但实际下跌,normal,0.5,0.7
5,2024-05-19,0005.HK,0.8188,UP,-0.0131,DOWN,False,False Positive,预测涨但实际下跌,normal,0.5,0.8
5,2024-05-20,0005.HK,0.8958,UP,-0.0007,DOWN,False,False Positive,预测涨但实际下跌,normal,0.5,0.4
5,2024-05-21,0005.HK,0.8951,UP,-0.0144,DOWN,False,False Positive,预测涨但实际下跌,extreme_bear,1.0,0.1
5,2024-05-22,0005.HK,0.886,UP,-0.0123,DOWN,False,False Positive,预测涨但实际下跌,normal,0.5,0.4
5,2024-05-23,0005.HK,0.8544,UP,-0.0095,DOWN,False,False Positive,预测涨但实际下跌,extreme_bear,1.0,0.1
5,2024-05-26,0005.HK,0.7291,UP,-0.0073,DOWN,False,False Positive,预测涨但实际下跌,extreme_bear,1.0,0.1
5,2024-05-27,0005.HK,0.6318,UP,-0.0087,DOWN,False,False Positive,预测涨但实际下跌,normal,0.5,0.9
5,2024-05-28,0005.HK,0.8127,UP,-0.0029,DOWN,False,False Positive,预测涨但实际下跌,weak,0.54,0.3
5,2024-05-29,0005.HK,0.8023,UP,0.0022,UP,True,True Positive,正确预测上涨,extreme_bear,1.0,0.1
5,2024-05-30,0005.HK,0.81,UP,-0.0058,DOWN,False,False Positive,预测涨但实际下跌,extreme_bear,1.0,0.0
5,2024-05-01,2318.HK,0.1685,DOWN,0.0408,UP,False,False Negative,预测跌但实际上涨,unknown,0.5,0.5
5,2024-05-02,2318.HK,0.1747,DOWN,0.0202,UP,False,False Negative,预测跌但实际上涨,normal,0.5,0.8
5,2024-05-05,2318.HK,0.1566,DOWN,0.0421,UP,False,False Negative,预测跌但实际上涨,normal,0.5,1.0
5,2024-05-06,2318.HK,0.2038,DOWN,0.0341,UP,False,False Negative,预测跌但实际上涨,normal,0.5,0.5
5,2024-05-07,2318.HK,0.0618,DOWN,0.0643,UP,False,False Negative,预测跌但实际上涨,normal,0.5,0.5
5,2024-05-08,2318.HK,0.1099,DOWN,0.0183,UP,False,False Negative,预测跌但实际上涨,bear,0.54,0.2
5,2024-05-09,2318.HK,0.1289,DOWN,-0.0537,DOWN,True,True Negative,正确预测下跌,normal,0.5,0.9
5,2024-05-12,2318.HK,0.2279,DOWN,-0.0705,DOWN,True,True Negative,正确预测下跌,normal,0.5,1.0
5,2024-05-13,2318.HK,0.1641,DOWN,-0.0524,DOWN,True,True Negative,正确预测下跌,normal,0.5,0.5
5,2024-05-15,2318.HK,0.4484,DOWN,-0.1164,DOWN,True,True Negative,正确预测下跌,normal,0.5,0.5
5,2024-05-16,2318.HK,0.1672,DOWN,-0.1675,DOWN,True,True Negative,正确预测下跌,normal,0.5,0.7
5,2024-05-19,2318.HK,0.2242,DOWN,-0.1629,DOWN,True,True Negative,正确预测下跌,normal,0.5,0.8
5,2024-05-20,2318.HK,0.3262,DOWN,-0.1177,DOWN,True,True Negative,正确预测下跌,normal,0.5,0.4
5,2024-05-21,2318.HK,0.4133,DOWN,-0.119,DOWN,True,True Negative,正确预测下跌,extreme_bear,1.0,0.1
5,2024-05-22,2318.HK,0.4788,DOWN,-0.0996,DOWN,True,True Negative,正确预测下跌,normal,0.5,0.4
5,2024-05-23,2318.HK,0.4526,DOWN,-0.0903,DOWN,True,True Negative,正确预测下跌,extreme_bear,1.0,0.1
5,2024-05-26,2318.HK,0.2073,DOWN,-0.0836,DOWN,True,True Negative,正确预测下跌,extreme_bear,1.0,0.1
5,2024-05-27,2318.HK,0.2065,DOWN,-0.091,DOWN,True,True Negative,正确预测下跌,normal,0.5,0.9
5,2024-05-28,2318.HK,0.214,DOWN,-0.0905,DOWN,True,True Negative,正确预测下跌,weak,0.54,0.3
5,2024-05-29,2318.HK,0.3409,DOWN,-0.0833,DOWN,True,True Negative,正确预测下跌,extreme_bear,1.0,0.1
5,2024-05-30,2318.HK,0.1628,DOWN,-0.042,DOWN,True,True Negative,正确预测下跌,extreme_bear,1.0,0.0
5,2024-05-01,1299.HK,0.802,UP,0.0386,UP,True,True Positive,正确预测上涨,unknown,0.5,0.5
5,2024-05-02,1299.HK,0.5543,UP,-0.0052,DOWN,False,False Positive,预测涨但实际下跌,normal,0.5,0.8
5,2024-05-05,1299.HK,0.5243,UP,-0.039,DOWN,False,False Positive,预测涨但实际下跌,normal,0.5,1.0
5,2024-05-06,1299.HK,0.802,UP,-0.0153,DOWN,False,False Positive,预测涨但实际下跌,normal,0.5,0.5
5,2024-05-07,1299.HK,0.8364,UP,-0.0169,DOWN,False,False Positive,预测涨但实际下跌,normal,0.5,0.5
5,2024-05-08,1299.HK,0.7242,UP,-0.0526,DOWN,False,False Positive,预测涨但实际下跌,bear,0.54,0.2
5,2024-05-09,1299.HK,0.6882,UP,-0.0915,DOWN,False,False Positive,预测涨但实际下跌,normal,0.5,0.9
5,2024-05-12,1299.HK,0.8467,UP,-0.1086,DOWN,False,False Positive,预测涨但实际下跌,normal,0.5,1.0
5,2024-05-13,1299.HK,0.5233,UP,-0.0824,DOWN,False,False Positive,预测涨但实际下跌,normal,0.5,0.5
5,2024-05-15,1299.HK,0.9298,UP,-0.1045,DOWN,False,False Positive,预测涨但实际下跌,normal,0.5,0.5
5,2024-05-16,1299.HK,0.5266,UP,-0.1333,DOWN,False,False Positive,预测涨但实际下跌,normal,0.5,0.7
5,2024-05-19,1299.HK,0.8613,UP,-0.136,DOWN,False,False Positive,预测涨但实际下跌,normal,0.5,0.8
5,2024-05-20,1299.HK,0.7935,UP,-0.0837,DOWN,False,False Positive,预测涨但实际下跌,normal,0.5,0.4
5,2024-05-21,1299.HK,0.7946,UP,-0.0842,DOWN,False,False Positive,预测涨但实际下跌,extreme_bear,1.0,0.1
5,2024-05-22,1299.HK,0.8032,UP,-0.0771,DOWN,False,False Positive,预测涨但实际下跌,normal,0.5,0.4
5,2024-05-23,1299.HK,0.8624,UP,-0.0646,DOWN,False,False Positive,预测涨但实际下跌,extreme_bear,1.0,0.1
5,2024-05-26,1299.HK,0.869,UP,-0.0918,DOWN,False,False Positive,预测涨但实际下跌,extreme_bear,1.0,0.1
5,2024-05-27,1299.HK,0.8711,UP,-0.0994,DOWN,False,False Positive,预测涨但实际下跌,normal,0.5,0.9
5,2024-05-28,1299.HK,0.4695,DOWN,-0.1184,DOWN,True,True Negative,正确预测下跌,weak,0.54,0.3
5,2024-05-29,1299.HK,0.5552,UP,-0.1137,DOWN,False,False Positive,预测涨但实际下跌,extreme_bear,1.0,0.1
5,2024-05-30,1299.HK,0.3891,DOWN,-0.1323,DOWN,True,True Negative,正确预测下跌,extreme_bear,1.0,0.0
5,2024-05-01,9988.HK,0.4005,DOWN,-0.0158,DOWN,True,True Negative,正确预测下跌,unknown,0.5,0.5
5,2024-05-02,9988.HK,0.1522,DOWN,-0.0322,DOWN,True,True Negative,正确预测下跌,normal,0.5,0.8
5,2024-05-05,9988.HK,0.0852,DOWN,-0.039,DOWN,True,True Negative,正确预测下跌,normal,0.5,1.0
5,2024-05-06,9988.HK,0.1074,DOWN,-0.0141,DOWN,True,True Negative,正确预测下跌,normal,0.5,0.5
5,2024-05-07,9988.HK,0.1661,DOWN,0.0125,UP,False,False Negative,预测跌但实际上涨,normal,0.5,0.5
5,2024-05-08,9988.HK,0.0605,DOWN,0.0039,UP,False,False Negative,预测跌但实际上涨,bear,0.54,0.2
5,2024-05-09,9988.HK,0.1129,DOWN,-0.0192,DOWN,True,True Negative,正确预测下跌,normal,0.5,0.9
5,2024-05-12,9988.HK,0.0942,DOWN,-0.0838,DOWN,True,True Negative,正确预测下跌,normal,0.5,1.0
5,2024-05-13,9988.HK,0.1466,DOWN,-0.0962,DOWN,True,True Negative,正确预测下跌,normal,0.5,0.5
5,2024-05-15,9988.HK,0.0679,DOWN,-0.0841,DOWN,True,True Negative,正确预测下跌,normal,0.5,0.5
5,2024-05-16,9988.HK,0.0885,DOWN,-0.1517,DOWN,True,True Negative,正确预测下跌,normal,0.5,0.7
5,2024-05-19,9988.HK,0.207,DOWN,-0.1529,DOWN,True,True Negative,正确预测下跌,normal,0.5,0.8
5,2024-05-20,9988.HK,0.1544,DOWN,-0.1185,DOWN,True,True Negative,正确预测下跌,normal,0.5,0.4
5,2024-05-21,9988.HK,0.2528,DOWN,-0.1133,DOWN,True,True Negative,正确预测下跌,extreme_bear,1.0,0.1
5,2024-05-22,9988.HK,0.3433,DOWN,-0.0821,DOWN,True,True Negative,正确预测下跌,normal,0.5,0.4
5,2024-05-23,9988.HK,0.3726,DOWN,-0.0755,DOWN,True,True Negative,正确预测下跌,extreme_bear,1.0,0.1
5,2024-05-26,9988.HK,0.3377,DOWN,-0.0808,DOWN,True,True Negative,正确预测下跌,extreme_bear,1.0,0.1
5,2024-05-27,9988.HK,0.4377,DOWN,-0.0817,DOWN,True,True Negative,正确预测下跌,normal,0.5,0.9
5,2024-05-28,9988.HK,0.3629,DOWN,-0.0658,DOWN,True,True Negative,正确预测下跌,weak,0.54,0.3
5,2024-05-29,9988.HK,0.3925,DOWN,-0.0735,DOWN,True,True Negative,正确预测下跌,extreme_bear,1.0,0.1
5,2024-05-30,9988.HK,0.317,DOWN,-0.0569,DOWN,True,True Negative,正确预测下跌,extreme_bear,1.0,0.0
5,2024-05-01,0388.HK,0.2902,DOWN,-0.0076,DOWN,True,True Negative,正确预测下跌,unknown,0.5,0.5
5,2024-05-02,0388.HK,0.127,DOWN,-0.0045,DOWN,True,True Negative,正确预测下跌,normal,0.5,0.8
5,2024-05-05,0388.HK,0.3495,DOWN,0.0059,UP,False,False Negative,预测跌但实际上涨,normal,0.5,1.0
5,2024-05-06,0388.HK,0.4419,DOWN,0.0301,UP,False,False Negative,预测跌但实际上涨,normal,0.5,0.5
5,2024-05-07,0388.HK,0.2959,DOWN,0.0581,UP,False,False Negative,预测跌但实际上涨,normal,0.5,0.5
5,2024-05-08,0388.HK,0.4656,DOWN,0.0196,UP,False,False Negative,预测跌但实际上涨,bear,0.54,0.2
5,2024-05-09,0388.HK,0.2254,DOWN,-0.0686,DOWN,True,True Negative,正确预测下跌,normal,0.5,0.9
5,2024-05-12,0388.HK,0.6253,UP,-0.0727,DOWN,False,False Positive,预测涨但实际下跌,normal,0.5,1.0
5,2024-05-13,0388.HK,0.7085,UP,-0.0717,DOWN,False,False Positive,预测涨但实际下跌,normal,0.5,0.5
5,2024-05-15,0388.HK,0.8517,UP,-0.1178,DOWN,False,False Positive,预测涨但实际下跌,normal,0.5,0.5
5,2024-05-16,0388.HK,0.5622,UP,-0.1207,DOWN,False,False Positive,预测涨但实际下跌,normal,0.5,0.7
5,2024-05-19,0388.HK,0.6002,UP,-0.1271,DOWN,False,False Positive,预测涨但实际下跌,normal,0.5,0.8
5,2024-05-20,0388.HK,0.601,UP,-0.0694,DOWN,False,False Positive,预测涨但实际下跌,normal,0.5,0.4
5,2024-05-21,0388.HK,0.609,UP,-0.0726,DOWN,False,False Positive,预测涨但实际下跌,extreme_bear,1.0,0.1
5,2024-05-22,0388.HK,0.6572,UP,-0.0734,DOWN,False,False Positive,预测涨但实际下跌,normal,0.5,0.4
5,2024-05-23,0388.HK,0.6872,UP,-0.0591,DOWN,False,False Positive,预测涨但实际下跌,extreme_bear,1.0,0.1
5,2024-05-26,0388.HK,0.72,UP,-0.0846,DOWN,False,False Positive,预测涨但实际下跌,extreme_bear,1.0,0.1
5,2024-05-27,0388.HK,0.7258,UP,-0.0738,DOWN,False,False Positive,预测涨但实际下跌,normal,0.5,0.9
5,2024-05-28,0388.HK,0.5617,UP,-0.0723,DOWN,False,False Positive,预测涨但实际下跌,weak,0.54,0.3
5,2024-05-29,0388.HK,0.6662,UP,-0.0501,DOWN,False,False Positive,预测涨但实际下跌,extreme_bear,1.0,0.1
5,2024-05-30,0388.HK,0.6744,UP,-0.0533,DOWN,False,False Positive,预测涨但实际下跌,extreme_bear,1.0,0.0
5,2024-05-01,0883.HK,0.2865,DOWN,0.0347,UP,False,False Negative,预测跌但实际上涨,unknown,0.5,0.5
5,2024-05-02,0883.HK,0.2351,DOWN,0.0369,UP,False,False Negative,预测跌但实际上涨,normal,0.5,0.8
5,2024-05-05,0883.HK,0.1486,DOWN,0.0472,UP,False,False Negative,预测跌但实际上涨,normal,0.5,1.0
5,2024-05-06,0883.HK,0.2711,DOWN,0.0242,UP,False,False Negative,预测跌但实际上涨,normal,0.5,0.5
5,2024-05-07,0883.HK,0.4568,DOWN,0.0646,UP,False,False Negative,预测跌但实际上涨,normal,0.5,0.5
5,2024-05-08,0883.HK,0.3267,DOWN,0.0668,UP,False,False Negative,预测跌但实际上涨,bear,0.54,0.2
5,2024-05-09,0883.HK,0.3712,DOWN,0.039,UP,False,False Negative,预测跌但实际上涨,normal,0.5,0.9
5,2024-05-12,0883.HK,0.1981,DOWN,0.09,UP,False,False Negative,预测跌但实际上涨,normal,0.5,1.0
5,2024-05-13,0883.HK,0.507,UP,0.1294,UP,True,True Positive,正确预测上涨,normal,0.5,0.5
5,2024-05-15,0883.HK,0.6321,UP,0.1369,UP,True,True Positive,正确预测上涨,normal,0.5,0.5
5,2024-05-16,0883.HK,0.5724,UP,0.1239,UP,True,True Positive,正确预测上涨,normal,0.5,0.7
5,2024-05-19,0883.HK,0.3694,DOWN,0.1251,UP,False,False Negative,预测跌但实际上涨,normal,0.5,0.8
5,2024-05-20,0883.HK,0.5883,UP,0.2179,UP,True,True Positive,正确预测上涨,normal,0.5,0.4
5,2024-05-21,0883.HK,0.5026,UP,0.2728,UP,True,True Positive,正确预测上涨,extreme_bear,1.0,0.1
5,2024-05-22,0883.HK,0.4849,DOWN,0.2232,UP,False,False Negative,预测跌但实际上涨,normal,0.5,0.4
5,2024-05-23,0883.HK,0.553,UP,0.1852,UP,True,True Positive,正确预测上涨,extreme_bear,1.0,0.1
5,2024-05-26,0883.HK,0.3129,DOWN,0.1447,UP,False,False Negative,预测跌但实际上涨,extreme_bear,1.0,0.1
5,2024-05-27,0883.HK,0.1077,DOWN,0.1288,UP,False,False Negative,预测跌但实际上涨,normal,0.5,0.9
5,2024-05-28,0883.HK,0.3968,DOWN,0.0706,UP,False,False Negative,预测跌但实际上涨,weak,0.54,0.3
5,2024-05-29,0883.HK,0.3814,DOWN,0.1296,UP,False,False Negative,预测跌但实际上涨,extreme_bear,1.0,0.1
5,2024-05-30,0883.HK,0.4375,DOWN,0.1546,UP,False,False Negative,预测跌但实际上涨,extreme_bear,1.0,0.0
5,2024-05-01,1398.HK,0.7528,UP,0.0449,UP,True,True Positive,正确预测上涨,unknown,0.5,0.5
5,2024-05-02,1398.HK,0.3396,DOWN,0.0444,UP,False,False Negative,预测跌但实际上涨,normal,0.5,0.8
5,2024-05-05,1398.HK,0.2745,DOWN,0.0326,UP,False,False Negative,预测跌但实际上涨,normal,0.5,1.0
5,2024-05-06,1398.HK,0.2877,DOWN,0.0232,UP,False,False Negative,预测跌但实际上涨,normal,0.5,0.5
5,2024-05-07,1398.HK,0.1909,DOWN,0.0186,UP,False,False Negative,预测跌但实际上涨,normal,0.5,0.5
5,2024-05-08,1398.HK,0.1817,DOWN,0.0161,UP,False,False Negative,预测跌但实际上涨,bear,0.54,0.2
5,2024-05-09,1398.HK,0.1673,DOWN,-0.0375,DOWN,True,True Negative,正确预测下跌,normal,0.5,0.9
5,2024-05-12,1398.HK,0.4065,DOWN,-0.0485,DOWN,True,True Negative,正确预测下跌,normal,0.5,1.0
5,2024-05-13,1398.HK,0.3117,DOWN,-0.0336,DOWN,True,True Negative,正确预测下跌,normal,0.5,0.5
5,2024-05-15,1398.HK,0.5042,UP,-0.0786,DOWN,False,False Positive,预测涨但实际下跌,normal,0.5,0.5
5,2024-05-16,1398.HK,0.1372,DOWN,-0.0807,DOWN,True,True Negative,正确预测下跌,normal,0.5,0.7
5,2024-05-19,1398.HK,0.3298,DOWN,-0.0719,DOWN,True,True Negative,正确预测下跌,normal,0.5,0.8
5,2024-05-20,1398.HK,0.1755,DOWN,-0.0441,DOWN,True,True Negative,正确预测下跌,normal,0.5,0.4
5,2024-05-21,1398.HK,0.1965,DOWN,-0.0378,DOWN,True,True Negative,正确预测下跌,extreme_bear,1.0,0.1
5,2024-05-22,1398.HK,0.2472,DOWN,-0.0383,DOWN,True,True Negative,正确预测下跌,normal,0.5,0.4
5,2024-05-23,1398.HK,0.3741,DOWN,-0.0215,DOWN,True,True Negative,正确预测下跌,extreme_bear,1.0,0.1
5,2024-05-26,1398.HK,0.3281,DOWN,-0.0172,DOWN,True,True Negative,正确预测下跌,extreme_bear,1.0,0.1
5,2024-05-27,1398.HK,0.495,DOWN,-0.0043,DOWN,True,True Negative,正确预测下跌,normal,0.5,0.9
5,2024-05-28,1398.HK,0.5374,UP,0.0044,UP,True,True Positive,正确预测上涨,weak,0.54,0.3
5,2024-05-29,1398.HK,0.6193,UP,0.038,UP,True,True Positive,正确预测上涨,extreme_bear,1.0,0.1
5,2024-05-30,1398.HK,0.6447,UP,0.0747,UP,True,True Positive,正确预测上涨,extreme_bear,1.0,0.0
5,2024-05-01,0688.HK,0.1567,DOWN,-0.0186,DOWN,True,True Negative,正确预测下跌,unknown,0.5,0.5
5,2024-05-02,0688.HK,0.1468,DOWN,-0.0257,DOWN,True,True Negative,正确预测下跌,normal,0.5,0.8
5,2024-05-05,0688.HK,0.3498,DOWN,0.0228,UP,False,False Negative,预测跌但实际上涨,normal,0.5,1.0
5,2024-05-06,0688.HK,0.2314,DOWN,0.0094,UP,False,False Negative,预测跌但实际上涨,normal,0.5,0.5
5,2024-05-07,0688.HK,0.1823,DOWN,0.0357,UP,False,False Negative,预测跌但实际上涨,normal,0.5,0.5
5,2024-05-08,0688.HK,0.2329,DOWN,0.0435,UP,False,False Negative,预测跌但实际上涨,bear,0.54,0.2
5,2024-05-09,0688.HK,0.2268,DOWN,-0.013,DOWN,True,True Negative,正确预测下跌,normal,0.5,0.9
5,2024-05-12,0688.HK,0.6737,UP,-0.0497,DOWN,False,False Positive,预测涨但实际下跌,normal,0.5,1.0
5,2024-05-13,0688.HK,0.4394,DOWN,-0.0463,DOWN,True,True Negative,正确预测下跌,normal,0.5,0.5
5,2024-05-15,0688.HK,0.4015,DOWN,-0.086,DOWN,True,True Negative,正确预测下跌,normal,0.5,0.5
5,2024-05-16,0688.HK,0.2148,DOWN,-0.138,DOWN,True,True Negative,正确预测下跌,normal,0.5,0.7
5,2024-05-19,0688.HK,0.4414,DOWN,-0.1506,DOWN,True,True Negative,正确预测下跌,normal,0.5,0.8
5,2024-05-20,0688.HK,0.1541,DOWN,-0.1045,DOWN,True,True Negative,正确预测下跌,normal,0.5,0.4
5,2024-05-21,0688.HK,0.1679,DOWN,-0.1252,DOWN,True,True Negative,正确预测下跌,extreme_bear,1.0,0.1
5,2024-05-22,0688.HK,0.1601,DOWN,-0.1286,DOWN,True,True Negative,正确预测下跌,normal,0.5,0.4
5,2024-05-23,0688.HK,0.3086,DOWN,-0.0908,DOWN,True,True Negative,正确预测下跌,extreme_bear,1.0,0.1
5,2024-05-26,0688.HK,0.4827,DOWN,-0.0884,DOWN,True,True Negative,正确预测下跌,extreme_bear,1.0,0.1
5,2024-05-27,0688.HK,0.2877,DOWN,-0.0607,DOWN,True,True Negative,正确预测下跌,normal,0.5,0.9
5,2024-05-28,0688.HK,0.103,DOWN,-0.086,DOWN,True,True Negative,正确预测下跌,weak,0.54,0.3
5,2024-05-29,0688.HK,0.0807,DOWN,-0.0728,DOWN,True,True Negative,正确预测下跌,extreme_bear,1.0,0.1
5,2024-05-30,0688.HK,0.2062,DOWN,-0.0416,DOWN,True,True Negative,正确预测下跌,extreme_bear,1.0,0.0
5,2024-05-01,1810.HK,0.6668,UP,-0.0091,DOWN,False,False Positive,预测涨但实际下跌,unknown,0.5,0.5
5,2024-05-02,1810.HK,0.806,UP,-0.0154,DOWN,False,False Positive,预测涨但实际下跌,normal,0.5,0.8
5,2024-05-05,1810.HK,0.5881,UP,-0.0177,DOWN,False,False Positive,预测涨但实际下跌,normal,0.5,1.0
5,2024-05-06,1810.HK,0.7093,UP,-0.0134,DOWN,False,False Positive,预测涨但实际下跌,normal,0.5,0.5
5,2024-05-07,1810.HK,0.5256,UP,-0.0597,DOWN,False,False Positive,预测涨但实际下跌,normal,0.5,0.5
5,2024-05-08,1810.HK,0.6769,UP,-0.0804,DOWN,False,False Positive,预测涨但实际下跌,bear,0.54,0.2
5,2024-05-09,1810.HK,0.6909,UP,-0.1072,DOWN,False,False Positive,预测涨但实际下跌,normal,0.5,0.9
5,2024-05-12,1810.HK,0.1286,DOWN,-0.1147,DOWN,True,True Negative,正确预测下跌,normal,0.5,1.0
5,2024-05-13,1810.HK,0.2539,DOWN,-0.1211,DOWN,True,True Negative,正确预测下跌,normal,0.5,0.5
5,2024-05-15,1810.HK,0.1975,DOWN,-0.1271,DOWN,True,True Negative,正确预测下跌,normal,0.5,0.5
5,2024-05-16,1810.HK,0.0994,DOWN,-0.1314,DOWN,True,True Negative,正确预测下跌,normal,0.5,0.7
5,2024-05-19,1810.HK,0.1041,DOWN,-0.1258,DOWN,True,True Negative,正确预测下跌,normal,0.5,0.8
5,2024-05-20,1810.HK,0.2584,DOWN,-0.0425,DOWN,True,True Negative,正确预测下跌,normal,0.5,0.4
5,2024-05-21,1810.HK,0.222,DOWN,-0.0473,DOWN,True,True Negative,正确预测下跌,extreme_bear,1.0,0.1
5,2024-05-22,1810.HK,0.231,DOWN,-0.0401,DOWN,True,True Negative,正确预测下跌,normal,0.5,0.4
5,2024-05-23,1810.HK,0.3786,DOWN,-0.0153,DOWN,True,True Negative,正确预测下跌,extreme_bear,1.0,0.1
5,2024-05-26,1810.HK,0.2456,DOWN,-0.0358,DOWN,True,True Negative,正确预测下跌,extreme_bear,1.0,0.1
5,2024-05-27,1810.HK,0.2413,DOWN,-0.0176,DOWN,True,True Negative,正确预测下跌,normal,0.5,0.9
5,2024-05-28,1810.HK,0.3807,DOWN,-0.0697,DOWN,True,True Negative,正确预测下跌,weak,0.54,0.3
5,2024-05-29,1810.HK,0.4095,DOWN,-0.0689,DOWN,True,True Negative,正确预测下跌,extreme_bear,1.0,0.1
5,2024-05-30,1810.HK,0.3828,DOWN,-0.0469,DOWN,True,True Negative,正确预测下跌,extreme_bear,1.0,0.0
6,2024-06-02,0700.HK,0.622,UP,0.0117,UP,True,True Positive,正确预测上涨,unknown,0.5,0.5
6,2024-06-03,0700.HK,0.796,UP,0.0132,UP,True,True Positive,正确预测上涨,normal,0.5,0.9
6,2024-06-04,0700.HK,0.7786,UP,-0.0026,DOWN,False,False Positive,预测涨但实际下跌,normal,0.5,0.4
6,2024-06-05,0700.HK,0.6408,UP,-0.0079,DOWN,False,False Positive,预测涨但实际下跌,normal,0.5,0.5
6,2024-06-06,0700.HK,0.6774,UP,0.0165,UP,True,True Positive,正确预测上涨,normal,0.5,0.5
6,2024-06-10,0700.HK,0.7486,UP,0.0102,UP,True,True Positive,正确预测上涨,normal,0.5,0.4
6,2024-06-11,0700.HK,0.7355,UP,0.0378,UP,True,True Positive,正确预测上涨,extreme_bear,1.0,0.1
6,2024-06-12,0700.HK,0.7198,UP,0.0453,UP,True,True Positive,正确预测上涨,extreme_bear,1.0,0.1
6,2024-06-13,0700.HK,0.709,UP,0.0274,UP,True,True Positive,正确预测上涨,normal,0.5,0.6
6,2024-06-16,0700.HK,0.5942,UP,-0.0084,DOWN,False,False Positive,预测涨但实际下跌,bear,0.54,0.2
6,2024-06-17,0700.HK,0.6351,UP,-0.0138,DOWN,False,False Positive,预测涨但实际下跌,normal,0.5,0.4
6,2024-06-18,0700.HK,0.4987,DOWN,-0.0509,DOWN,True,True Negative,正确预测下跌,normal,0.5,0.4
6,2024-06-19,0700.HK,0.2569,DOWN,-0.0609,DOWN,True,True Negative,正确预测下跌,normal,0.5,1.0
6,2024-06-20,0700.HK,0.6583,UP,-0.0215,DOWN,False,False Positive,预测涨但实际下跌,weak,0.54,0.3
6,2024-06-23,0700.HK,0.3517,DOWN,-0.0373,DOWN,True,True Negative,正确预测下跌,extreme_bear,1.0,0.0
6,2024-06-24,0700.HK,0.4921,DOWN,-0.0492,DOWN,True,True Negative,正确预测下跌,normal,0.5,0.4
6,2024-06-25,0700.HK,0.2758,DOWN,-0.0806,DOWN,True,True Negative,正确预测下跌,normal,0.5,0.7
6,2024-06-26,0700.HK,0.3903,DOWN,-0.0534,DOWN,True,True Negative,正确预测下跌,normal,0.5,0.5
6,2024-06-27,0700.HK,0.4583,DOWN,-0.0381,DOWN,True,True Negative,正确预测下跌,extreme_bear,1.0,0.0
6,2024-06-02,0005.HK,0.8516,UP,-0.0145,DOWN,False,False Positive,预测涨但实际下跌,unknown,0.5,0.5
6,2024-06-03,0005.HK,0.9641,UP,0.0051,UP,True,True Positive,正确预测上涨,normal,0.5,0.9
6,2024-06-04,0005.HK,0.8926,UP,-0.0044,DOWN,False,False Positive,预测涨但实际下跌,normal,0.5,0.4
6,2024-06-05,0005.HK,0.9409,UP,-0.0204,DOWN,False,False Positive,预测涨但实际下跌,normal,0.5,0.5
6,2024-06-06,0005.HK,0.9496,UP,-0.0291,DOWN,False,False Positive,预测涨但实际下跌,normal,0.5,0.5
6,2024-06-10,0005.HK,0.9315,UP,-0.0292,DOWN,False,False Positive,预测涨但实际下跌,normal,0.5,0.4
6,2024-06-11,0005.HK,0.9184,UP,-0.0132,DOWN,False,False Positive,预测涨但实际下跌,extreme_bear,1.0,0.1
6,2024-06-12,0005.HK,0.8589,UP,0.0,DOWN,False,False Positive,预测涨但实际下跌,extreme_bear,1.0,0.1
6,2024-06-13,0005.HK,0.9411,UP,0.0052,UP,True,True Positive,正确预测上涨,normal,0.5,0.6
6,2024-06-16,0005.HK,0.8199,UP,-0.0074,DOWN,False,False Positive,预测涨但实际下跌,bear,0.54,0.2
6,2024-06-17,0005.HK,0.8903,UP,-0.011,DOWN,False,False Positive,预测涨但实际下跌,normal,0.5,0.4
6,2024-06-18,0005.HK,0.8877,UP,-0.0109,DOWN,False,False Positive,预测涨但实际下跌,normal,0.5,0.4
6,2024-06-19,0005.HK,0.7834,UP,-0.0314,DOWN,False,False Positive,预测涨但实际下跌,normal,0.5,1.0
6,2024-06-20,0005.HK,0.899,UP,-0.0154,DOWN,False,False Positive,预测涨但实际下跌,weak,0.54,0.3
6,2024-06-23,0005.HK,0.8081,UP,-0.0155,DOWN,False,False Positive,预测涨但实际下跌,extreme_bear,1.0,0.0
6,2024-06-24,0005.HK,0.8243,UP,-0.0256,DOWN,False,False Positive,预测涨但实际下跌,normal,0.5,0.4
6,2024-06-25,0005.HK,0.7942,UP,-0.0337,DOWN,False,False Positive,预测涨但实际下跌,normal,0.5,0.7
6,2024-06-26,0005.HK,0.8508,UP,-0.03,DOWN,False,False Positive,预测涨但实际下跌,normal,0.5,0.5
6,2024-06-27,0005.HK,0.6335,UP,-0.0146,DOWN,False,False Positive,预测涨但实际下跌,extreme_bear,1.0,0.0
6,2024-06-02,2318.HK,0.2301,DOWN,-0.0481,DOWN,True,True Negative,正确预测下跌,unknown,0.5,0.5
6,2024-06-03,2318.HK,0.4379,DOWN,-0.0637,DOWN,True,True Negative,正确预测下跌,normal,0.5,0.9
6,2024-06-04,2318.HK,0.3219,DOWN,-0.0811,DOWN,True,True Negative,正确预测下跌,normal,0.5,0.4
6,2024-06-05,2318.HK,0.1699,DOWN,-0.0939,DOWN,True,True Negative,正确预测下跌,normal,0.5,0.5
6,2024-06-06,2318.HK,0.2001,DOWN,-0.0827,DOWN,True,True Negative,正确预测下跌,normal,0.5,0.5
6,2024-06-10,2318.HK,0.4969,DOWN,-0.0601,DOWN,True,True Negative,正确预测下跌,normal,0.5,0.4
6,2024-06-11,2318.HK,0.3408,DOWN,-0.0259,DOWN,True,True Negative,正确预测下跌,extreme_bear,1.0,0.1
6,2024-06-12,2318.HK,0.2872,DOWN,0.0096,UP,False,False Negative,预测跌但实际上涨,extreme_bear,1.0,0.1
6,2024-06-13,2318.HK,0.3479,DOWN,-0.011,DOWN,True,True Negative,正确预测下跌,normal,0.5,0.6
6,2024-06-16,2318.HK,0.3306,DOWN,-0.0606,DOWN,True,True Negative,正确预测下跌,bear,0.54,0.2
6,2024-06-17,2318.HK,0.5922,UP,-0.0499,DOWN,False,False Positive,预测涨但实际下跌,normal,0.5,0.4
6,2024-06-18,2318.HK,0.3115,DOWN,-0.08,DOWN,True,True Negative,正确预测下跌,normal,0.5,0.4
6,2024-06-19,2318.HK,0.3522,DOWN,-0.0816,DOWN,True,True Negative,正确预测下跌,normal,0.5,1.0
6,2024-06-20,2318.HK,0.3324,DOWN,-0.0584,DOWN,True,True Negative,正确预测下跌,weak,0.54,0.3
6,2024-06-23,2318.HK,0.4525,DOWN,-0.0668,DOWN,True,True Negative,正确预测下跌,extreme_bear,1.0,0.0
6,2024-06-24,2318.HK,0.2107,DOWN,-0.0849,DOWN,True,True Negative,正确预测下跌,normal,0.5,0.4
6,2024-06-25,2318.HK,0.3724,DOWN,-0.0924,DOWN,True,True Negative,正确预测下跌,normal,0.5,0.7
6,2024-06-26,2318.HK,0.3922,DOWN,-0.0709,DOWN,True,True Negative,正确预测下跌,normal,0.5,0.5
6,2024-06-27,2318.HK,0.6318,UP,-0.048,DOWN,False,False Positive,预测涨但实际下跌,extreme_bear,1.0,0.0
6,2024-06-02,1299.HK,0.621,UP,-0.1119,DOWN,False,False Positive,预测涨但实际下跌,unknown,0.5,0.5
6,2024-06-03,1299.HK,0.722,UP,-0.1036,DOWN,False,False Positive,预测涨但实际下跌,normal,0.5,0.9
6,2024-06-04,1299.HK,0.7067,UP,-0.1251,DOWN,False,False Positive,预测涨但实际下跌,normal,0.5,0.4
6,2024-06-05,1299.HK,0.6988,UP,-0.1372,DOWN,False,False Positive,预测涨但实际下跌,normal,0.5,0.5
6,2024-06-06,1299.HK,0.7226,UP,-0.1183,DOWN,False,False Positive,预测涨但实际下跌,normal,0.5,0.5
6,2024-06-10,1299.HK,0.8356,UP,-0.0909,DOWN,False,False Positive,预测涨但实际下跌,normal,0.5,0.4
6,2024-06-11,1299.HK,0.7301,UP,-0.0364,DOWN,False,False Positive,预测涨但实际下跌,extreme_bear,1.0,0.1
6,2024-06-12,1299.HK,0.707,UP,-0.0177,DOWN,False,False Positive,预测涨但实际下跌,extreme_bear,1.0,0.1
6,2024-06-13,1299.HK,0.8193,UP,-0.0018,DOWN,False,False Positive,预测涨但实际下跌,normal,0.5,0.6
6,2024-06-16,1299.HK,0.685,UP,-0.0342,DOWN,False,False Positive,预测涨但实际下跌,bear,0.54,0.2
6,2024-06-17,1299.HK,0.9159,UP,-0.0118,DOWN,False,False Positive,预测涨但实际下跌,normal,0.5,0.4
6,2024-06-18,1299.HK,0.7437,UP,-0.0311,DOWN,False,False Positive,预测涨但实际下跌,normal,0.5,0.4
6,2024-06-19,1299.HK,0.4944,DOWN,-0.0322,DOWN,True,True Negative,正确预测下跌,normal,0.5,1.0
6,2024-06-20,1299.HK,0.5111,UP,-0.0358,DOWN,False,False Positive,预测涨但实际下跌,weak,0.54,0.3
6,2024-06-23,1299.HK,0.631,UP,-0.0316,DOWN,False,False Positive,预测涨但实际下跌,extreme_bear,1.0,0.0
6,2024-06-24,1299.HK,0.7286,UP,-0.0618,DOWN,False,False Positive,预测涨但实际下跌,normal,0.5,0.4
6,2024-06-25,1299.HK,0.5502,UP,-0.0661,DOWN,False,False Positive,预测涨但实际下跌,normal,0.5,0.7
6,2024-06-26,1299.HK,0.6604,UP,-0.0291,DOWN,False,False Positive,预测涨但实际下跌,normal,0.5,0.5
6,2024-06-27,1299.HK,0.5935,UP,-0.0094,DOWN,False,False Positive,预测涨但实际下跌,extreme_bear,1.0,0.0
6,2024-06-02,9988.HK,0.5293,UP,-0.0555,DOWN,False,False Positive,预测涨但实际下跌,unknown,0.5,0.5
6,2024-06-03,9988.HK,0.641,UP,-0.0399,DOWN,False,False Positive,预测涨但实际下跌,normal,0.5,0.9
6,2024-06-04,9988.HK,0.3418,DOWN,-0.0501,DOWN,True,True Negative,正确预测下跌,normal,0.5,0.4
6,2024-06-05,9988.HK,0.331,DOWN,-0.0662,DOWN,True,True Negative,正确预测下跌,normal,0.5,0.5
6,2024-06-06,9988.HK,0.2242,DOWN,-0.0571,DOWN,True,True Negative,正确预测下跌,normal,0.5,0.5
6,2024-06-10,9988.HK,0.2981,DOWN,-0.0412,DOWN,True,True Negative,正确预测下跌,normal,0.5,0.4
6,2024-06-11,9988.HK,0.6778,UP,0.0175,UP,True,True Positive,正确预测上涨,extreme_bear,1.0,0.1
6,2024-06-12,9988.HK,0.5232,UP,0.0523,UP,True,True Positive,正确预测上涨,extreme_bear,1.0,0.1
6,2024-06-13,9988.HK,0.7832,UP,0.0529,UP,True,True Positive,正确预测上涨,normal,0.5,0.6
6,2024-06-16,9988.HK,0.4146,DOWN,0.0414,UP,False,False Negative,预测跌但实际上涨,bear,0.54,0.2
6,2024-06-17,9988.HK,0.5549,UP,0.0583,UP,True,True Positive,正确预测上涨,normal,0.5,0.4
6,2024-06-18,9988.HK,0.4532,DOWN,0.0216,UP,False,False Negative,预测跌但实际上涨,normal,0.5,0.4
6,2024-06-19,9988.HK,0.5865,UP,0.0054,UP,True,True Positive,正确预测上涨,normal,0.5,1.0
6,2024-06-20,9988.HK,0.5957,UP,0.0382,UP,True,True Positive,正确预测上涨,weak,0.54,0.3
6,2024-06-23,9988.HK,0.5331,UP,0.0285,UP,True,True Positive,正确预测上涨,extreme_bear,1.0,0.0
6,2024-06-24,9988.HK,0.644,UP,0.0213,UP,True,True Positive,正确预测上涨,normal,0.5,0.4
6,2024-06-25,9988.HK,0.5741,UP,0.0062,UP,True,True Positive,正确预测上涨,normal,0.5,0.7
6,2024-06-26,9988.HK,0.42,DOWN,0.0217,UP,False,False Negative,预测跌但实际上涨,normal,0.5,0.5
6,2024-06-27,9988.HK,0.5229,UP,0.0858,UP,True,True Positive,正确预测上涨,extreme_bear,1.0,0.0
6,2024-06-02,0388.HK,0.294,DOWN,-0.0598,DOWN,True,True Negative,正确预测下跌,unknown,0.5,0.5
6,2024-06-03,0388.HK,0.5006,UP,-0.0797,DOWN,False,False Positive,预测涨但实际下跌,normal,0.5,0.9
6,2024-06-04,0388.HK,0.3889,DOWN,-0.1066,DOWN,True,True Negative,正确预测下跌,normal,0.5,0.4
6,2024-06-05,0388.HK,0.4978,DOWN,-0.1216,DOWN,True,True Negative,正确预测下跌,normal,0.5,0.5
6,2024-06-06,0388.HK,0.4723,DOWN,-0.1137,DOWN,True,True Negative,正确预测下跌,normal,0.5,0.5
6,2024-06-10,0388.HK,0.6375,UP,-0.0932,DOWN,False,False Positive,预测涨但实际下跌,normal,0.5,0.4
6,2024-06-11,0388.HK,0.5425,UP,-0.0548,DOWN,False,False Positive,预测涨但实际下跌,extreme_bear,1.0,0.1
6,2024-06-12,0388.HK,0.6077,UP,-0.0371,DOWN,False,False Positive,预测涨但实际下跌,extreme_bear,1.0,0.1
6,2024-06-13,0388.HK,0.6202,UP,-0.0388,DOWN,False,False Positive,预测涨但实际下跌,normal,0.5,0.6
6,2024-06-16,0388.HK,0.5669,UP,-0.0678,DOWN,False,False Positive,预测涨但实际下跌,bear,0.54,0.2
6,2024-06-17,0388.HK,0.4272,DOWN,-0.0589,DOWN,True,True Negative,正确预测下跌,normal,0.5,0.4
6,2024-06-18,0388.HK,0.2502,DOWN,-0.0904,DOWN,True,True Negative,正确预测下跌,normal,0.5,0.4
6,2024-06-19,0388.HK,0.225,DOWN,-0.0919,DOWN,True,True Negative,正确预测下跌,normal,0.5,1.0
6,2024-06-20,0388.HK,0.3954,DOWN,-0.0707,DOWN,True,True Negative,正确预测下跌,weak,0.54,0.3
6,2024-06-23,0388.HK,0.488,DOWN,-0.0853,DOWN,True,True Negative,正确预测下跌,extreme_bear,1.0,0.0
6,2024-06-24,0388.HK,0.6752,UP,-0.0885,DOWN,False,False Positive,预测涨但实际下跌,normal,0.5,0.4
6,2024-06-25,0388.HK,0.6766,UP,-0.1016,DOWN,False,False Positive,预测涨但实际下跌,normal,0.5,0.7
6,2024-06-26,0388.HK,0.6789,UP,-0.0898,DOWN,False,False Positive,预测涨但实际下跌,normal,0.5,0.5
6,2024-06-27,0388.HK,0.7181,UP,-0.0767,DOWN,False,False Positive,预测涨但实际下跌,extreme_bear,1.0,0.0
6,2024-06-02,0883.HK,0.2108,DOWN,0.1463,UP,False,False Negative,预测跌但实际上涨,unknown,0.5,0.5
6,2024-06-03,0883.HK,0.3907,DOWN,0.1686,UP,False,False Negative,预测跌但实际上涨,normal,0.5,0.9
6,2024-06-04,0883.HK,0.4157,DOWN,0.1811,UP,False,False Negative,预测跌但实际上涨,normal,0.5,0.4
6,2024-06-05,0883.HK,0.3201,DOWN,0.1314,UP,False,False Negative,预测跌但实际上涨,normal,0.5,0.5
6,2024-06-06,0883.HK,0.4865,DOWN,0.1137,UP,False,False Negative,预测跌但实际上涨,normal,0.5,0.5
6,2024-06-10,0883.HK,0.431,DOWN,0.0724,UP,False,False Negative,预测跌但实际上涨,normal,0.5,0.4
6,2024-06-11,0883.HK,0.4639,DOWN,0.0691,UP,False,False Negative,预测跌但实际上涨,extreme_bear,1.0,0.1
6,2024-06-12,0883.HK,0.4259,DOWN,0.0678,UP,False,False Negative,预测跌但实际上涨,extreme_bear,1.0,0.1
6,2024-06-13,0883.HK,0.5155,UP,0.0563,UP,True,True Positive,正确预测上涨,normal,0.5,0.6
6,2024-06-16,0883.HK,0.2229,DOWN,0.0569,UP,False,False Negative,预测跌但实际上涨,bear,0.54,0.2
6,2024-06-17,0883.HK,0.3251,DOWN,-0.014,DOWN,True,True Negative,正确预测下跌,normal,0.5,0.4
6,2024-06-18,0883.HK,0.4188,DOWN,-0.0507,DOWN,True,True Negative,正确预测下跌,normal,0.5,0.4
6,2024-06-19,0883.HK,0.175,DOWN,-0.1277,DOWN,True,True Negative,正确预测下跌,normal,0.5,1.0
6,2024-06-20,0883.HK,0.5752,UP,-0.1011,DOWN,False,False Positive,预测涨但实际下跌,weak,0.54,0.3
6,2024-06-23,0883.HK,0.2678,DOWN,-0.0976,DOWN,True,True Negative,正确预测下跌,extreme_bear,1.0,0.0
6,2024-06-24,0883.HK,0.5311,UP,-0.0925,DOWN,False,False Positive,预测涨但实际下跌,normal,0.5,0.4
6,2024-06-25,0883.HK,0.4881,DOWN,-0.122,DOWN,True,True Negative,正确预测下跌,normal,0.5,0.7
6,2024-06-26,0883.HK,0.5122,UP,-0.0851,DOWN,False,False Positive,预测涨但实际下跌,normal,0.5,0.5
6,2024-06-27,0883.HK,0.4027,DOWN,-0.0804,DOWN,True,True Negative,正确预测下跌,extreme_bear,1.0,0.0
6,2024-06-02,1398.HK,0.7395,UP,0.0582,UP,True,True Positive,正确预测上涨,unknown,0.5,0.5
6,2024-06-03,1398.HK,0.8853,UP,0.0903,UP,True,True Positive,正确预测上涨,normal,0.5,0.9
6,2024-06-04,1398.HK,0.8602,UP,0.0658,UP,True,True Positive,正确预测上涨,normal,0.5,0.4
6,2024-06-05,1398.HK,0.7961,UP,0.0671,UP,True,True Positive,正确预测上涨,normal,0.5,0.5
6,2024-06-06,1398.HK,0.657,UP,0.0501,UP,True,True Positive,正确预测上涨,normal,0.5,0.5
6,2024-06-10,1398.HK,0.9442,UP,0.067,UP,True,True Positive,正确预测上涨,normal,0.5,0.4
6,2024-06-11,1398.HK,0.841,UP,0.0869,UP,True,True Positive,正确预测上涨,extreme_bear,1.0,0.1
6,2024-06-12,1398.HK,0.8658,UP,0.1168,UP,True,True Positive,正确预测上涨,extreme_bear,1.0,0.1
6,2024-06-13,1398.HK,0.8245,UP,0.1042,UP,True,True Positive,正确预测上涨,normal,0.5,0.6
6,2024-06-16,1398.HK,0.6897,UP,0.0869,UP,True,True Positive,正确预测上涨,bear,0.54,0.2
6,2024-06-17,1398.HK,0.7534,UP,0.0696,UP,True,True Positive,正确预测上涨,normal,0.5,0.4
6,2024-06-18,1398.HK,0.6399,UP,0.032,UP,True,True Positive,正确预测上涨,normal,0.5,0.4
6,2024-06-19,1398.HK,0.2664,DOWN,-0.0007,DOWN,True,True Negative,正确预测下跌,normal,0.5,1.0
6,2024-06-20,1398.HK,0.4348,DOWN,0.0197,UP,False,False Negative,预测跌但实际上涨,weak,0.54,0.3
6,2024-06-23,1398.HK,0.2771,DOWN,0.025,UP,False,False Negative,预测跌但实际上涨,extreme_bear,1.0,0.0
6,2024-06-24,1398.HK,0.5178,UP,0.0322,UP,True,True Positive,正确预测上涨,normal,0.5,0.4
6,2024-06-25,1398.HK,0.5505,UP,0.0117,UP,True,True Positive,正确预测上涨,normal,0.5,0.7
6,2024-06-26,1398.HK,0.5265,UP,0.0157,UP,True,True Positive,正确预测上涨,normal,0.5,0.5
6,2024-06-27,1398.HK,0.5775,UP,0.0166,UP,True,True Positive,正确预测上涨,extreme_bear,1.0,0.0
6,2024-06-02,0688.HK,0.4943,DOWN,-0.0394,DOWN,True,True Negative,正确预测下跌,unknown,0.5,0.5
6,2024-06-03,0688.HK,0.2104,DOWN,-0.0728,DOWN,True,True Negative,正确预测下跌,normal,0.5,0.9
6,2024-06-04,0688.HK,0.3459,DOWN,-0.0699,DOWN,True,True Negative,正确预测下跌,normal,0.5,0.4
6,2024-06-05,0688.HK,0.3458,DOWN,-0.0947,DOWN,True,True Negative,正确预测下跌,normal,0.5,0.5
6,2024-06-06,0688.HK,0.1116,DOWN,-0.1152,DOWN,True,True Negative,正确预测下跌,normal,0.5,0.5
6,2024-06-10,0688.HK,0.257,DOWN,-0.1154,DOWN,True,True Negative,正确预测下跌,normal,0.5,0.4
6,2024-06-11,0688.HK,0.6144,UP,-0.0441,DOWN,False,False Positive,预测涨但实际下跌,extreme_bear,1.0,0.1
6,2024-06-12,0688.HK,0.5657,UP,-0.0046,DOWN,False,False Positive,预测涨但实际下跌,extreme_bear,1.0,0.1
6,2024-06-13,0688.HK,0.4416,DOWN,-0.0373,DOWN,True,True Negative,正确预测下跌,normal,0.5,0.6
6,2024-06-16,0688.HK,0.5848,UP,-0.0355,DOWN,False,False Positive,预测涨但实际下跌,bear,0.54,0.2
6,2024-06-17,0688.HK,0.6927,UP,-0.0001,DOWN,False,False Positive,预测涨但实际下跌,normal,0.5,0.4
6,2024-06-18,0688.HK,0.4207,DOWN,-0.0247,DOWN,True,True Negative,正确预测下跌,normal,0.5,0.4
6,2024-06-19,0688.HK,0.2956,DOWN,-0.0478,DOWN,True,True Negative,正确预测下跌,normal,0.5,1.0
6,2024-06-20,0688.HK,0.6432,UP,-0.0428,DOWN,False,False Positive,预测涨但实际下跌,weak,0.54,0.3
6,2024-06-23,0688.HK,0.4974,DOWN,-0.0792,DOWN,True,True Negative,正确预测下跌,extreme_bear,1.0,0.0
6,2024-06-24,0688.HK,0.2998,DOWN,-0.0986,DOWN,True,True Negative,正确预测下跌,normal,0.5,0.4
6,2024-06-25,0688.HK,0.3184,DOWN,-0.1065,DOWN,True,True Negative,正确预测下跌,normal,0.5,0.7
6,2024-06-26,0688.HK,0.5158,UP,-0.0737,DOWN,False,False Positive,预测涨但实际下跌,normal,0.5,0.5
6,2024-06-27,0688.HK,0.3256,DOWN,-0.0679,DOWN,True,True Negative,正确预测下跌,extreme_bear,1.0,0.0
6,2024-06-02,1810.HK,0.1452,DOWN,-0.0559,DOWN,True,True Negative,正确预测下跌,unknown,0.5,0.5
6,2024-06-03,1810.HK,0.1789,DOWN,-0.0529,DOWN,True,True Negative,正确预测下跌,normal,0.5,0.9
6,2024-06-04,1810.HK,0.1209,DOWN,-0.061,DOWN,True,True Negative,正确预测下跌,normal,0.5,0.4
6,2024-06-05,1810.HK,0.172,DOWN,-0.0835,DOWN,True,True Negative,正确预测下跌,normal,0.5,0.5
6,2024-06-06,1810.HK,0.2434,DOWN,-0.0692,DOWN,True,True Negative,正确预测下跌,normal,0.5,0.5
6,2024-06-10,1810.HK,0.1493,DOWN,-0.0693,DOWN,True,True Negative,正确预测下跌,normal,0.5,0.4
6,2024-06-11,1810.HK,0.3286,DOWN,-0.0268,DOWN,True,True Negative,正确预测下跌,extreme_bear,1.0,0.1
6,2024-06-12,1810.HK,0.1867,DOWN,-0.041,DOWN,True,True Negative,正确预测下跌,extreme_bear,1.0,0.1
6,2024-06-13,1810.HK,0.2699,DOWN,-0.0486,DOWN,True,True Negative,正确预测下跌,normal,0.5,0.6
6,2024-06-16,1810.HK,0.217,DOWN,-0.0566,DOWN,True,True Negative,正确预测下跌,bear,0.54,0.2
6,2024-06-17,1810.HK,0.3016,DOWN,-0.0345,DOWN,True,True Negative,正确预测下跌,normal,0.5,0.4
6,2024-06-18,1810.HK,0.2125,DOWN,-0.0887,DOWN,True,True Negative,正确预测下跌,normal,0.5,0.4
6,2024-06-19,1810.HK,0.07,DOWN,-0.108,DOWN,True,True Negative,正确预测下跌,normal,0.5,1.0
6,2024-06-20,1810.HK,0.2304,DOWN,-0.0528,DOWN,True,True Negative,正确预测下跌,weak,0.54,0.3
6,2024-06-23,1810.HK,0.4747,DOWN,-0.0588,DOWN,True,True Negative,正确预测下跌,extreme_bear,1.0,0.0
6,2024-06-24,1810.HK,0.7161,UP,-0.0697,DOWN,False,False Positive,预测涨但实际下跌,normal,0.5,0.4
6,2024-06-25,1810.HK,0.5086,UP,-0.0909,DOWN,False,False Positive,预测涨但实际下跌,normal,0.5,0.7
6,2024-06-26,1810.HK,0.6696,UP,-0.0109,DOWN,False,False Positive,预测涨但实际下跌,normal,0.5,0.5
6,2024-06-27,1810.HK,0.6551,UP,0.0206,UP,True,True Positive,正确预测上涨,extreme_bear,1.0,0.0
7,2024-07-01,0700.HK,0.4651,DOWN,-0.0423,DOWN,True,True Negative,正确预测下跌,unknown,0.5,0.5
7,2024-07-02,0700.HK,0.4039,DOWN,-0.0453,DOWN,True,True Negative,正确预测下跌,normal,0.5,0.5
7,2024-07-03,0700.HK,0.2842,DOWN,-0.0439,DOWN,True,True Negative,正确预测下跌,normal,0.5,0.7
7,2024-07-04,0700.HK,0.1946,DOWN,-0.0569,DOWN,True,True Negative,正确预测下跌,normal,0.5,0.4
7,2024-07-07,0700.HK,0.2899,DOWN,-0.0581,DOWN,True,True Negative,正确预测下跌,extreme_bear,1.0,0.0
7,2024-07-08,0700.HK,0.2543,DOWN,-0.0698,DOWN,True,True Negative,正确预测下跌,extreme_bear,1.0,0.0
7,2024-07-09,0700.HK,0.2482,DOWN,-0.0376,DOWN,True,True Negative,正确预测下跌,normal,0.5,0.4
7,2024-07-10,0700.HK,0.1176,DOWN,-0.0431,DOWN,True,True Negative,正确预测下跌,normal,0.5,0.5
7,2024-07-11,0700.HK,0.0452,DOWN,-0.068,DOWN,True,True Negative,正确预测下跌,normal,0.5,1.0
7,2024-07-14,0700.HK,0.0865,DOWN,-0.039,DOWN,True,True Negative,正确预测下跌,normal,0.5,1.0
7,2024-07-15,0700.HK,0.3405,DOWN,0.0016,UP,False,False Negative,预测跌但实际上涨,extreme_bear,1.0,0.0
7,2024-07-16,0700.HK,0.6205,UP,0.0054,UP,True,True Positive,正确预测上涨,extreme_bear,1.0,0.0
7,2024-07-17,0700.HK,0.6351,UP,-0.0022,DOWN,False,False Positive,预测涨但实际下跌,normal,0.5,0.7
7,2024-07-18,0700.HK,0.6697,UP,0.0236,UP,True,True Positive,正确预测上涨,normal,0.5,0.5
7,2024-07-21,0700.HK,0.3536,DOWN,-0.0016,DOWN,True,True Negative,正确预测下跌,extreme_bear,1.0,0.0
7,2024-07-22,0700.HK,0.7059,UP,0.0115,UP,True,True Positive,正确预测上涨,normal,0.5,0.7
7,2024-07-23,0700.HK,0.7703,UP,0.0231,UP,True,True Positive,正确预测上涨,extreme_bear,1.0,0.1
7,2024-07-24,0700.HK,0.8321,UP,0.0757,UP,True,True Positive,正确预测上涨,weak,0.54,0.3
7,2024-07-25,0700.HK,0.7199,UP,0.0598,UP,True,True Positive,正确预测上涨,extreme_bear,1.0,0.0
7,2024-07-28,0700.HK,0.4506,DOWN,0.0664,UP,False,False Negative,预测跌但实际上涨,normal,0.5,0.5
7,2024-07-29,0700.HK,0.5902,UP,0.0798,UP,True,True Positive,正确预测上涨,normal,0.5,1.0
7,2024-07-30,0700.HK,0.5034,UP,0.0331,UP,True,True Positive,正确预测上涨,extreme_bear,1.0,0.1
7,2024-07-01,0005.HK,0.667,UP,-0.0205,DOWN,False,False Positive,预测涨但实际下跌,unknown,0.5,0.5
7,2024-07-02,0005.HK,0.6681,UP,0.0264,UP,True,True Positive,正确预测上涨,normal,0.5,0.5
7,2024-07-03,0005.HK,0.6435,UP,-0.0087,DOWN,False,False Positive,预测涨但实际下跌,normal,0.5,0.7
7,2024-07-04,0005.HK,0.5348,UP,-0.0302,DOWN,False,False Positive,预测涨但实际下跌,normal,0.5,0.4
7,2024-07-07,0005.HK,0.8003,UP,-0.0753,DOWN,False,False Positive,预测涨但实际下跌,extreme_bear,1.0,0.0
7,2024-07-08,0005.HK,0.9225,UP,-0.0592,DOWN,False,False Positive,预测涨但实际下跌,extreme_bear,1.0,0.0
7,2024-07-09,0005.HK,0.9522,UP,-0.0519,DOWN,False,False Positive,预测涨但实际下跌,normal,0.5,0.4
7,2024-07-10,0005.HK,0.8488,UP,-0.0654,DOWN,False,False Positive,预测涨但实际下跌,normal,0.5,0.5
7,2024-07-11,0005.HK,0.8579,UP,-0.0582,DOWN,False,False Positive,预测涨但实际下跌,normal,0.5,1.0
7,2024-07-14,0005.HK,0.8712,UP,-0.0467,DOWN,False,False Positive,预测涨但实际下跌,normal,0.5,1.0
7,2024-07-15,0005.HK,0.8992,UP,-0.0395,DOWN,False,False Positive,预测涨但实际下跌,extreme_bear,1.0,0.0
7,2024-07-16,0005.HK,0.9154,UP,-0.035,DOWN,False,False Positive,预测涨但实际下跌,extreme_bear,1.0,0.0
7,2024-07-17,0005.HK,0.941,UP,-0.0356,DOWN,False,False Positive,预测涨但实际下跌,normal,0.5,0.7
7,2024-07-18,0005.HK,0.9229,UP,0.0068,UP,True,True Positive,正确预测上涨,normal,0.5,0.5
7,2024-07-21,0005.HK,0.8992,UP,-0.0007,DOWN,False,False Positive,预测涨但实际下跌,extreme_bear,1.0,0.0
7,2024-07-22,0005.HK,0.932,UP,0.0106,UP,True,True Positive,正确预测上涨,normal,0.5,0.7
7,2024-07-23,0005.HK,0.9175,UP,0.0053,UP,True,True Positive,正确预测上涨,extreme_bear,1.0,0.1
7,2024-07-24,0005.HK,0.9206,UP,0.0244,UP,True,True Positive,正确预测上涨,weak,0.54,0.3
7,2024-07-25,0005.HK,0.9345,UP,0.0213,UP,True,True Positive,正确预测上涨,extreme_bear,1.0,0.0
7,2024-07-28,0005.HK,0.9314,UP,0.0129,UP,True,True Positive,正确预测上涨,normal,0.5,0.5
7,2024-07-29,0005.HK,0.9492,UP,0.0296,UP,True,True Positive,正确预测上涨,normal,0.5,1.0
7,2024-07-30,0005.HK,0.9275,UP,-0.0146,DOWN,False,False Positive,预测涨但实际下跌,extreme_bear,1.0,0.1
7,2024-07-01,2318.HK,0.4143,DOWN,-0.0839,DOWN,True,True Negative,正确预测下跌,unknown,0.5,0.5
7,2024-07-02,2318.HK,0.3631,DOWN,-0.0733,DOWN,True,True Negative,正确预测下跌,normal,0.5,0.5
7,2024-07-03,2318.HK,0.3658,DOWN,-0.0696,DOWN,True,True Negative,正确预测下跌,normal,0.5,0.7
7,2024-07-04,2318.HK,0.3254,DOWN,-0.0734,DOWN,True,True Negative,正确预测下跌,normal,0.5,0.4
7,2024-07-07,2318.HK,0.5559,UP,-0.0553,DOWN,False,False Positive,预测涨但实际下跌,extreme_bear,1.0,0.0
7,2024-07-08,2318.HK,0.6058,UP,-0.0601,DOWN,False,False Positive,预测涨但实际下跌,extreme_bear,1.0,0.0
7,2024-07-09,2318.HK,0.5555,UP,-0.0568,DOWN,False,False Positive,预测涨但实际下跌,normal,0.5,0.4
7,2024-07-10,2318.HK,0.4036,DOWN,-0.0728,DOWN,True,True Negative,正确预测下跌,normal,0.5,0.5
7,2024-07-11,2318.HK,0.3208,DOWN,-0.0909,DOWN,True,True Negative,正确预测下跌,normal,0.5,1.0
7,2024-07-14,2318.HK,0.4797,DOWN,-0.0666,DOWN,True,True Negative,正确预测下跌,normal,0.5,1.0
7,2024-07-15,2318.HK,0.6108,UP,-0.0088,DOWN,False,False Positive,预测涨但实际下跌,extreme_bear,1.0,0.0
7,2024-07-16,2318.HK,0.7309,UP,-0.019,DOWN,False,False Positive,预测涨但实际下跌,extreme_bear,1.0,0.0
7,2024-07-17,2318.HK,0.5815,UP,-0.0203,DOWN,False,False Positive,预测涨但实际下跌,normal,0.5,0.7
7,2024-07-18,2318.HK,0.6901,UP,0.0,DOWN,False,False Positive,预测涨但实际下跌,normal,0.5,0.5
7,2024-07-21,2318.HK,0.4858,DOWN,-0.0029,DOWN,True,True Negative,正确预测下跌,extreme_bear,1.0,0.0
7,2024-07-22,2318.HK,0.5064,UP,0.0044,UP,True,True Positive,正确预测上涨,normal,0.5,0.7
7,2024-07-23,2318.HK,0.6257,UP,0.0015,UP,True,True Positive,正确预测上涨,extreme_bear,1.0,0.1
7,2024-07-24,2318.HK,0.8023,UP,0.0269,UP,True,True Positive,正确预测上涨,weak,0.54,0.3
7,2024-07-25,2318.HK,0.7662,UP,0.0644,UP,True,True Positive,正确预测上涨,extreme_bear,1.0,0.0
7,2024-07-28,2318.HK,0.5658,UP,0.0742,UP,True,True Positive,正确预测上涨,normal,0.5,0.5
7,2024-07-29,2318.HK,0.6838,UP,0.0961,UP,True,True Positive,正确预测上涨,normal,0.5,1.0
7,2024-07-30,2318.HK,0.4111,DOWN,0.06,UP,False,False Negative,预测跌但实际上涨,extreme_bear,1.0,0.1
7,2024-07-01,1299.HK,0.834,UP,0.0038,UP,True,True Positive,正确预测上涨,unknown,0.5,0.5
7,2024-07-02,1299.HK,0.6207,UP,-0.0122,DOWN,False,False Positive,预测涨但实际下跌,normal,0.5,0.5
7,2024-07-03,1299.HK,0.5972,UP,0.0019,UP,True,True Positive,正确预测上涨,normal,0.5,0.7
7,2024-07-04,1299.HK,0.5949,UP,-0.0029,DOWN,False,False Positive,预测涨但实际下跌,normal,0.5,0.4
7,2024-07-07,1299.HK,0.778,UP,0.0314,UP,True,True Positive,正确预测上涨,extreme_bear,1.0,0.0
7,2024-07-08,1299.HK,0.6117,UP,-0.0029,DOWN,False,False Positive,预测涨但实际下跌,extreme_bear,1.0,0.0
7,2024-07-09,1299.HK,0.6347,UP,0.0019,UP,True,True Positive,正确预测上涨,normal,0.5,0.4
7,2024-07-10,1299.HK,0.4129,DOWN,-0.0415,DOWN,True,True Negative,正确预测下跌,normal,0.5,0.5
7,2024-07-11,1299.HK,0.2725,DOWN,-0.054,DOWN,True,True Negative,正确预测下跌,normal,0.5,1.0
7,2024-07-14,1299.HK,0.3373,DOWN,-0.0632,DOWN,True,True Negative,正确预测下跌,normal,0.5,1.0
7,2024-07-15,1299.HK,0.4254,DOWN,-0.0177,DOWN,True,True Negative,正确预测下跌,extreme_bear,1.0,0.0
7,2024-07-16,1299.HK,0.561,UP,-0.0513,DOWN,False,False Positive,预测涨但实际下跌,extreme_bear,1.0,0.0
7,2024-07-17,1299.HK,0.473,DOWN,-0.055,DOWN,True,True Negative,正确预测下跌,normal,0.5,0.7
7,2024-07-18,1299.HK,0.5852,UP,-0.0397,DOWN,False,False Positive,预测涨但实际下跌,normal,0.5,0.5
7,2024-07-21,1299.HK,0.5421,UP,-0.0344,DOWN,False,False Positive,预测涨但实际下跌,extreme_bear,1.0,0.0
7,2024-07-22,1299.HK,0.7716,UP,-0.0298,DOWN,False,False Positive,预测涨但实际下跌,normal,0.5,0.7
7,2024-07-23,1299.HK,0.8331,UP,-0.0039,DOWN,False,False Positive,预测涨但实际下跌,extreme_bear,1.0,0.1
7,2024-07-24,1299.HK,0.9182,UP,0.0708,UP,True,True Positive,正确预测上涨,weak,0.54,0.3
7,2024-07-25,1299.HK,0.8877,UP,0.0542,UP,True,True Positive,正确预测上涨,extreme_bear,1.0,0.0
7,2024-07-28,1299.HK,0.6919,UP,0.0505,UP,True,True Positive,正确预测上涨,normal,0.5,0.5
7,2024-07-29,1299.HK,0.7195,UP,0.057,UP,True,True Positive,正确预测上涨,normal,0.5,1.0
7,2024-07-30,1299.HK,0.7654,UP,0.0514,UP,True,True Positive,正确预测上涨,extreme_bear,1.0,0.1
7,2024-07-01,9988.HK,0.5238,UP,0.0816,UP,True,True Positive,正确预测上涨,unknown,0.5,0.5
7,2024-07-02,9988.HK,0.317,DOWN,0.0706,UP,False,False Negative,预测跌但实际上涨,normal,0.5,0.5
7,2024-07-03,9988.HK,0.2536,DOWN,0.0595,UP,False,False Negative,预测跌但实际上涨,normal,0.5,0.7
7,2024-07-04,9988.HK,0.3486,DOWN,0.0336,UP,False,False Negative,预测跌但实际上涨,normal,0.5,0.4
7,2024-07-07,9988.HK,0.4341,DOWN,0.0334,UP,False,False Negative,预测跌但实际上涨,extreme_bear,1.0,0.0
7,2024-07-08,9988.HK,0.5885,UP,0.0379,UP,True,True Positive,正确预测上涨,extreme_bear,1.0,0.0
7,2024-07-09,9988.HK,0.49,DOWN,0.0465,UP,False,False Negative,预测跌但实际上涨,normal,0.5,0.4
7,2024-07-10,9988.HK,0.6927,UP,0.0146,UP,True,True Positive,正确预测上涨,normal,0.5,0.5
7,2024-07-11,9988.HK,0.7295,UP,-0.007,DOWN,False,False Positive,预测涨但实际下跌,normal,0.5,1.0
7,2024-07-14,9988.HK,0.5234,UP,0.0235,UP,True,True Positive,正确预测上涨,normal,0.5,1.0
7,2024-07-15,9988.HK,0.6782,UP,0.0417,UP,True,True Positive,正确预测上涨,extreme_bear,1.0,0.0
7,2024-07-16,9988.HK,0.8202,UP,0.0262,UP,True,True Positive,正确预测上涨,extreme_bear,1.0,0.0
7,2024-07-17,9988.HK,0.7158,UP,0.0079,UP,True,True Positive,正确预测上涨,normal,0.5,0.7
7,2024-07-18,9988.HK,0.6098,UP,0.0854,UP,True,True Positive,正确预测上涨,normal,0.5,0.5
7,2024-07-21,9988.HK,0.3344,DOWN,0.0896,UP,False,False Negative,预测跌但实际上涨,extreme_bear,1.0,0.0
7,2024-07-22,9988.HK,0.7742,UP,0.085,UP,True,True Positive,正确预测上涨,normal,0.5,0.7
7,2024-07-23,9988.HK,0.6282,UP,0.0775,UP,True,True Positive,正确预测上涨,extreme_bear,1.0,0.1
7,2024-07-24,9988.HK,0.6978,UP,0.1139,UP,True,True Positive,正确预测上涨,weak,0.54,0.3
7,2024-07-25,9988.HK,0.5823,UP,0.1306,UP,True,True Positive,正确预测上涨,extreme_bear,1.0,0.0
7,2024-07-28,9988.HK,0.2769,DOWN,0.0882,UP,False,False Negative,预测跌但实际上涨,normal,0.5,0.5
7,2024-07-29,9988.HK,0.4456,DOWN,0.0492,UP,False,False Negative,预测跌但实际上涨,normal,0.5,1.0
7,2024-07-30,9988.HK,0.4159,DOWN,0.0233,UP,False,False Negative,预测跌但实际上涨,extreme_bear,1.0,0.1
7,2024-07-01,0388.HK,0.8357,UP,-0.0852,DOWN,False,False Positive,预测涨但实际下跌,unknown,0.5,0.5
7,2024-07-02,0388.HK,0.7634,UP,-0.0787,DOWN,False,False Positive,预测涨但实际下跌,normal,0.5,0.5
7,2024-07-03,0388.HK,0.5706,UP,-0.0762,DOWN,False,False Positive,预测涨但实际下跌,normal,0.5,0.7
7,2024-07-04,0388.HK,0.4778,DOWN,-0.0743,DOWN,True,True Negative,正确预测下跌,normal,0.5,0.4
7,2024-07-07,0388.HK,0.7169,UP,-0.0642,DOWN,False,False Positive,预测涨但实际下跌,extreme_bear,1.0,0.0
7,2024-07-08,0388.HK,0.8544,UP,-0.0575,DOWN,False,False Positive,预测涨但实际下跌,extreme_bear,1.0,0.0
7,2024-07-09,0388.HK,0.7454,UP,-0.0539,DOWN,False,False Positive,预测涨但实际下跌,normal,0.5,0.4
7,2024-07-10,0388.HK,0.3255,DOWN,-0.083,DOWN,True,True Negative,正确预测下跌,normal,0.5,0.5
7,2024-07-11,0388.HK,0.2688,DOWN,-0.0976,DOWN,True,True Negative,正确预测下跌,normal,0.5,1.0
7,2024-07-14,0388.HK,0.3026,DOWN,-0.0646,DOWN,True,True Negative,正确预测下跌,normal,0.5,1.0
7,2024-07-15,0388.HK,0.8051,UP,-0.0447,DOWN,False,False Positive,预测涨但实际下跌,extreme_bear,1.0,0.0
7,2024-07-16,0388.HK,0.895,UP,-0.0609,DOWN,False,False Positive,预测涨但实际下跌,extreme_bear,1.0,0.0
7,2024-07-17,0388.HK,0.8975,UP,-0.058,DOWN,False,False Positive,预测涨但实际下跌,normal,0.5,0.7
7,2024-07-18,0388.HK,0.8773,UP,-0.036,DOWN,False,False Positive,预测涨但实际下跌,normal,0.5,0.5
7,2024-07-21,0388.HK,0.5091,UP,-0.0276,DOWN,False,False Positive,预测涨但实际下跌,extreme_bear,1.0,0.0
7,2024-07-22,0388.HK,0.9349,UP,-0.0161,DOWN,False,False Positive,预测涨但实际下跌,normal,0.5,0.7
7,2024-07-23,0388.HK,0.9409,UP,-0.018,DOWN,False,False Positive,预测涨但实际下跌,extreme_bear,1.0,0.1
7,2024-07-24,0388.HK,0.9599,UP,0.0078,UP,True,True Positive,正确预测上涨,weak,0.54,0.3
7,2024-07-25,0388.HK,0.9649,UP,0.0114,UP,True,True Positive,正确预测上涨,extreme_bear,1.0,0.0
7,2024-07-28,0388.HK,0.5703,UP,0.0173,UP,True,True Positive,正确预测上涨,normal,0.5,0.5
7,2024-07-29,0388.HK,0.9199,UP,0.0351,UP,True,True Positive,正确预测上涨,normal,0.5,1.0
7,2024-07-30,0388.HK,0.8204,UP,0.0026,UP,True,True Positive,正确预测上涨,extreme_bear,1.0,0.1
7,2024-07-01,0883.HK,0.9435,UP,-0.1487,DOWN,False,False Positive,预测涨但实际下跌,unknown,0.5,0.5
7,2024-07-02,0883.HK,0.9668,UP,-0.1239,DOWN,False,False Positive,预测涨但实际下跌,normal,0.5,0.5
7,2024-07-03,0883.HK,0.9447,UP,-0.1068,DOWN,False,False Positive,预测涨但实际下跌,normal,0.5,0.7
7,2024-07-04,0883.HK,0.6862,UP,-0.1226,DOWN,False,False Positive,预测涨但实际下跌,normal,0.5,0.4
7,2024-07-07,0883.HK,0.835,UP,-0.1749,DOWN,False,False Positive,预测涨但实际下跌,extreme_bear,1.0,0.0
7,2024-07-08,0883.HK,0.9477,UP,-0.1782,DOWN,False,False Positive,预测涨但实际下跌,extreme_bear,1.0,0.0
7,2024-07-09,0883.HK,0.9385,UP,-0.1314,DOWN,False,False Positive,预测涨但实际下跌,normal,0.5,0.4
7,2024-07-10,0883.HK,0.9761,UP,-0.131,DOWN,False,False Positive,预测涨但实际下跌,normal,0.5,0.5
7,2024-07-11,0883.HK,0.9592,UP,-0.1291,DOWN,False,False Positive,预测涨但实际下跌,normal,0.5,1.0
7,2024-07-14,0883.HK,0.7857,UP,-0.1227,DOWN,False,False Positive,预测涨但实际下跌,normal,0.5,1.0
7,2024-07-15,0883.HK,0.9477,UP,-0.1009,DOWN,False,False Positive,预测涨但实际下跌,extreme_bear,1.0,0.0
7,2024-07-16,0883.HK,0.9793,UP,-0.0553,DOWN,False,False Positive,预测涨但实际下跌,extreme_bear,1.0,0.0
7,2024-07-17,0883.HK,0.952,UP,-0.0756,DOWN,False,False Positive,预测涨但实际下跌,normal,0.5,0.7
7,2024-07-18,0883.HK,0.9322,UP,0.0049,UP,True,True Positive,正确预测上涨,normal,0.5,0.5
7,2024-07-21,0883.HK,0.849,UP,0.0049,UP,True,True Positive,正确预测上涨,extreme_bear,1.0,0.0
7,2024-07-22,0883.HK,0.8912,UP,-0.0098,DOWN,False,False Positive,预测涨但实际下跌,normal,0.5,0.7
7,2024-07-23,0883.HK,0.9101,UP,-0.0121,DOWN,False,False Positive,预测涨但实际下跌,extreme_bear,1.0,0.1
7,2024-07-24,0883.HK,0.8392,UP,0.0227,UP,True,True Positive,正确预测上涨,weak,0.54,0.3
7,2024-07-25,0883.HK,0.9078,UP,0.0276,UP,True,True Positive,正确预测上涨,extreme_bear,1.0,0.0
7,2024-07-28,0883.HK,0.6182,UP,0.0049,UP,True,True Positive,正确预测上涨,normal,0.5,0.5
7,2024-07-29,0883.HK,0.8821,UP,0.0743,UP,True,True Positive,正确预测上涨,normal,0.5,1.0
7,2024-07-30,0883.HK,0.817,UP,0.039,UP,True,True Positive,正确预测上涨,extreme_bear,1.0,0.1
7,2024-07-01,1398.HK,0.52,UP,-0.0206,DOWN,False,False Positive,预测涨但实际下跌,unknown,0.5,0.5
7,2024-07-02,1398.HK,0.5932,UP,-0.0119,DOWN,False,False Positive,预测涨但实际下跌,normal,0.5,0.5
7,2024-07-03,1398.HK,0.4947,DOWN,-0.0301,DOWN,True,True Negative,正确预测下跌,normal,0.5,0.7
7,2024-07-04,1398.HK,0.37,DOWN,-0.0101,DOWN,True,True Negative,正确预测下跌,normal,0.5,0.4
7,2024-07-07,1398.HK,0.3893,DOWN,-0.0254,DOWN,True,True Negative,正确预测下跌,extreme_bear,1.0,0.0
7,2024-07-08,1398.HK,0.5427,UP,-0.0278,DOWN,False,False Positive,预测涨但实际下跌,extreme_bear,1.0,0.0
7,2024-07-09,1398.HK,0.4634,DOWN,-0.0116,DOWN,True,True Negative,正确预测下跌,normal,0.5,0.4
7,2024-07-10,1398.HK,0.8517,UP,-0.0115,DOWN,False,False Positive,预测涨但实际下跌,normal,0.5,0.5
7,2024-07-11,1398.HK,0.6691,UP,-0.0201,DOWN,False,False Positive,预测涨但实际下跌,normal,0.5,1.0
7,2024-07-14,1398.HK,0.4853,DOWN,0.0067,UP,False,False Negative,预测跌但实际上涨,normal,0.5,1.0
7,2024-07-15,1398.HK,0.8478,UP,0.0275,UP,True,True Positive,正确预测上涨,extreme_bear,1.0,0.0
7,2024-07-16,1398.HK,0.9103,UP,0.0298,UP,True,True Positive,正确预测上涨,extreme_bear,1.0,0.0
7,2024-07-17,1398.HK,0.8738,UP,0.0505,UP,True,True Positive,正确预测上涨,normal,0.5,0.7
7,2024-07-18,1398.HK,0.8423,UP,0.0871,UP,True,True Positive,正确预测上涨,normal,0.5,0.5
7,2024-07-21,1398.HK,0.6126,UP,0.0981,UP,True,True Positive,正确预测上涨,extreme_bear,1.0,0.0
7,2024-07-22,1398.HK,0.7515,UP,0.0829,UP,True,True Positive,正确预测上涨,normal,0.5,0.7
7,2024-07-23,1398.HK,0.5409,UP,0.0569,UP,True,True Positive,正确预测上涨,extreme_bear,1.0,0.1
7,2024-07-24,1398.HK,0.7566,UP,0.0783,UP,True,True Positive,正确预测上涨,weak,0.54,0.3
7,2024-07-25,1398.HK,0.6649,UP,0.0951,UP,True,True Positive,正确预测上涨,extreme_bear,1.0,0.0
7,2024-07-28,1398.HK,0.5108,UP,0.0776,UP,True,True Positive,正确预测上涨,normal,0.5,0.5
7,2024-07-29,1398.HK,0.7096,UP,0.1065,UP,True,True Positive,正确预测上涨,normal,0.5,1.0
7,2024-07-30,1398.HK,0.6163,UP,0.0922,UP,True,True Positive,正确预测上涨,extreme_bear,1.0,0.1
7,2024-07-01,0688.HK,0.2003,DOWN,-0.0921,DOWN,True,True Negative,正确预测下跌,unknown,0.5,0.5
7,2024-07-02,0688.HK,0.0617,DOWN,-0.1034,DOWN,True,True Negative,正确预测下跌,normal,0.5,0.5
7,2024-07-03,0688.HK,0.2254,DOWN,-0.0933,DOWN,True,True Negative,正确预测下跌,normal,0.5,0.7
7,2024-07-04,0688.HK,0.1724,DOWN,-0.0868,DOWN,True,True Negative,正确预测下跌,normal,0.5,0.4
7,2024-07-07,0688.HK,0.4917,DOWN,-0.053,DOWN,True,True Negative,正确预测下跌,extreme_bear,1.0,0.0
7,2024-07-08,0688.HK,0.3485,DOWN,-0.0486,DOWN,True,True Negative,正确预测下跌,extreme_bear,1.0,0.0
7,2024-07-09,0688.HK,0.3697,DOWN,-0.0292,DOWN,True,True Negative,正确预测下跌,normal,0.5,0.4
7,2024-07-10,0688.HK,0.1764,DOWN,-0.064,DOWN,True,True Negative,正确预测下跌,normal,0.5,0.5
7,2024-07-11,0688.HK,0.0355,DOWN,-0.0719,DOWN,True,True Negative,正确预测下跌,normal,0.5,1.0
7,2024-07-14,0688.HK,0.2676,DOWN,-0.0519,DOWN,True,True Negative,正确预测下跌,normal,0.5,1.0
7,2024-07-15,0688.HK,0.1495,DOWN,-0.0391,DOWN,True,True Negative,正确预测下跌,extreme_bear,1.0,0.0
7,2024-07-16,0688.HK,0.1097,DOWN,-0.0521,DOWN,True,True Negative,正确预测下跌,extreme_bear,1.0,0.0
7,2024-07-17,0688.HK,0.1025,DOWN,-0.0676,DOWN,True,True Negative,正确预测下跌,normal,0.5,0.7
7,2024-07-18,0688.HK,0.2637,DOWN,-0.0276,DOWN,True,True Negative,正确预测下跌,normal,0.5,0.5
7,2024-07-21,0688.HK,0.3133,DOWN,-0.0216,DOWN,True,True Negative,正确预测下跌,extreme_bear,1.0,0.0
7,2024-07-22,0688.HK,0.331,DOWN,-0.011,DOWN,True,True Negative,正确预测下跌,normal,0.5,0.7
7,2024-07-23,0688.HK,0.3387,DOWN,-0.0365,DOWN,True,True Negative,正确预测下跌,extreme_bear,1.0,0.1
7,2024-07-24,0688.HK,0.6106,UP,-0.0445,DOWN,False,False Positive,预测涨但实际下跌,weak,0.54,0.3
7,2024-07-25,0688.HK,0.4938,DOWN,-0.0446,DOWN,True,True Negative,正确预测下跌,extreme_bear,1.0,0.0
7,2024-07-28,0688.HK,0.5501,UP,-0.0317,DOWN,False,False Positive,预测涨但实际下跌,normal,0.5,0.5
7,2024-07-29,0688.HK,0.5592,UP,-0.0177,DOWN,False,False Positive,预测涨但实际下跌,normal,0.5,1.0
7,2024-07-30,0688.HK,0.4799,DOWN,-0.0806,DOWN,True,True Negative,正确预测下跌,extreme_bear,1.0,0.1
7,2024-07-01,1810.HK,0.3462,DOWN,-0.0204,DOWN,True,True Negative,正确预测下跌,unknown,0.5,0.5
7,2024-07-02,1810.HK,0.4057,DOWN,-0.0036,DOWN,True,True Negative,正确预测下跌,normal,0.5,0.5
7,2024-07-03,1810.HK,0.3742,DOWN,-0.0095,DOWN,True,True Negative,正确预测下跌,normal,0.5,0.7
7,2024-07-04,1810.HK,0.5131,UP,-0.0325,DOWN,False,False Positive,预测涨但实际下跌,normal,0.5,0.4
7,2024-07-07,1810.HK,0.5225,UP,-0.0365,DOWN,False,False Positive,预测涨但实际下跌,extreme_bear,1.0,0.0
7,2024-07-08,1810.HK,0.4512,DOWN,-0.0354,DOWN,True,True Negative,正确预测下跌,extreme_bear,1.0,0.0
7,2024-07-09,1810.HK,0.4592,DOWN,-0.0136,DOWN,True,True Negative,正确预测下跌,normal,0.5,0.4
7,2024-07-10,1810.HK,0.296,DOWN,-0.0504,DOWN,True,True Negative,正确预测下跌,normal,0.5,0.5
7,2024-07-11,1810.HK,0.2216,DOWN,-0.0261,DOWN,True,True Negative,正确预测下跌,normal,0.5,1.0
7,2024-07-14,1810.HK,0.2444,DOWN,0.0,DOWN,True,True Negative,正确预测下跌,normal,0.5,1.0
7,2024-07-15,1810.HK,0.3933,DOWN,0.0343,UP,False,False Negative,预测跌但实际上涨,extreme_bear,1.0,0.0
7,2024-07-16,1810.HK,0.3318,DOWN,0.0048,UP,False,False Negative,预测跌但实际上涨,extreme_bear,1.0,0.0
7,2024-07-17,1810.HK,0.3419,DOWN,0.0226,UP,False,False Negative,预测跌但实际上涨,normal,0.5,0.7
7,2024-07-18,1810.HK,0.3533,DOWN,0.0484,UP,False,False Negative,预测跌但实际上涨,normal,0.5,0.5
7,2024-07-21,1810.HK,0.3907,DOWN,0.0232,UP,False,False Negative,预测跌但实际上涨,extreme_bear,1.0,0.0
7,2024-07-22,1810.HK,0.397,DOWN,0.0425,UP,False,False Negative,预测跌但实际上涨,normal,0.5,0.7
7,2024-07-23,1810.HK,0.4448,DOWN,0.0593,UP,False,False Negative,预测跌但实际上涨,extreme_bear,1.0,0.1
7,2024-07-24,1810.HK,0.454,DOWN,0.179,UP,False,False Negative,预测跌但实际上涨,weak,0.54,0.3
7,2024-07-25,1810.HK,0.455,DOWN,0.1504,UP,False,False Negative,预测跌但实际上涨,extreme_bear,1.0,0.0
7,2024-07-28,1810.HK,0.284,DOWN,0.113,UP,False,False Negative,预测跌但实际上涨,normal,0.5,0.5
7,2024-07-29,1810.HK,0.2703,DOWN,0.1569,UP,False,False Negative,预测跌但实际上涨,normal,0.5,1.0
7,2024-07-30,1810.HK,0.2824,DOWN,0.1259,UP,False,False Negative,预测跌但实际上涨,extreme_bear,1.0,0.1
8,2024-08-01,0700.HK,0.7998,UP,0.0664,UP,True,True Positive,正确预测上涨,unknown,0.5,0.5
8,2024-08-04,0700.HK,0.4933,DOWN,0.0595,UP,False,False Negative,预测跌但实际上涨,extreme_bear,1.0,0.0
8,2024-08-05,0700.HK,0.7607,UP,0.0672,UP,True,True Positive,正确预测上涨,bear,0.57,0.2
8,2024-08-06,0700.HK,0.7543,UP,0.0259,UP,True,True Positive,正确预测上涨,weak,0.54,0.3
8,2024-08-07,0700.HK,0.4835,DOWN,0.0141,UP,False,False Negative,预测跌但实际上涨,normal,0.5,1.0
8,2024-08-08,0700.HK,0.4413,DOWN,0.0032,UP,False,False Negative,预测跌但实际上涨,normal,0.5,0.4
8,2024-08-11,0700.HK,0.188,DOWN,-0.0171,DOWN,True,True Negative,正确预测下跌,normal,0.5,1.0
8,2024-08-12,0700.HK,0.2673,DOWN,-0.0222,DOWN,True,True Negative,正确预测下跌,normal,0.5,0.7
8,2024-08-13,0700.HK,0.3408,DOWN,-0.0032,DOWN,True,True Negative,正确预测下跌,normal,0.5,0.8
8,2024-08-14,0700.HK,0.4662,DOWN,0.0174,UP,False,False Negative,预测跌但实际上涨,extreme_bear,1.0,0.1
8,2024-08-15,0700.HK,0.2884,DOWN,0.014,UP,False,False Negative,预测跌但实际上涨,normal,0.5,0.4
8,2024-08-18,0700.HK,0.3449,DOWN,0.0199,UP,False,False Negative,预测跌但实际上涨,normal,0.5,0.9
8,2024-08-19,0700.HK,0.2385,DOWN,0.0497,UP,False,False Negative,预测跌但实际上涨,normal,0.5,0.6
8,2024-08-20,0700.HK,0.2136,DOWN,0.0457,UP,False,False Negative,预测跌但实际上涨,weak,0.54,0.3
8,2024-08-21,0700.HK,0.1339,DOWN,0.0259,UP,False,False Negative,预测跌但实际上涨,bear,0.57,0.2
8,2024-08-22,0700.HK,0.1556,DOWN,0.0708,UP,False,False Negative,预测跌但实际上涨,normal,0.5,0.8
8,2024-08-25,0700.HK,0.0907,DOWN,0.0613,UP,False,False Negative,预测跌但实际上涨,normal,0.5,0.6
8,2024-08-26,0700.HK,0.2852,DOWN,0.1262,UP,False,False Negative,预测跌但实际上涨,normal,0.5,0.8
8,2024-08-27,0700.HK,0.3799,DOWN,0.17,UP,False,False Negative,预测跌但实际上涨,normal,0.5,0.7
8,2024-08-28,0700.HK,0.1519,DOWN,0.1774,UP,False,False Negative,预测跌但实际上涨,bear,0.57,0.2
8,2024-08-29,0700.HK,0.2055,DOWN,0.2304,UP,False,False Negative,预测跌但实际上涨,normal,0.5,0.5
8,2024-08-01,0005.HK,0.9009,UP,0.056,UP,True,True Positive,正确预测上涨,unknown,0.5,0.5
8,2024-08-04,0005.HK,0.9767,UP,0.1149,UP,True,True Positive,正确预测上涨,extreme_bear,1.0,0.0
8,2024-08-05,0005.HK,0.9516,UP,0.0952,UP,True,True Positive,正确预测上涨,bear,0.57,0.2
8,2024-08-06,0005.HK,0.9394,UP,0.0764,UP,True,True Positive,正确预测上涨,weak,0.54,0.3
8,2024-08-07,0005.HK,0.8709,UP,0.087,UP,True,True Positive,正确预测上涨,normal,0.5,1.0
8,2024-08-08,0005.HK,0.9162,UP,0.0612,UP,True,True Positive,正确预测上涨,normal,0.5,0.4
8,2024-08-11,0005.HK,0.8595,UP,0.0617,UP,True,True Positive,正确预测上涨,normal,0.5,1.0
8,2024-08-12,0005.HK,0.9155,UP,0.0451,UP,True,True Positive,正确预测上涨,normal,0.5,0.7
8,2024-08-13,0005.HK,0.924,UP,0.0449,UP,True,True Positive,正确预测上涨,normal,0.5,0.8
8,2024-08-14,0005.HK,0.9165,UP,0.0418,UP,True,True Positive,正确预测上涨,extreme_bear,1.0,0.1
8,2024-08-15,0005.HK,0.6582,UP,0.0189,UP,True,True Positive,正确预测上涨,normal,0.5,0.4
8,2024-08-18,0005.HK,0.6282,UP,0.0287,UP,True,True Positive,正确预测上涨,normal,0.5,0.9
8,2024-08-19,0005.HK,0.6341,UP,0.0277,UP,True,True Positive,正确预测上涨,normal,0.5,0.6
8,2024-08-20,0005.HK,0.7223,UP,0.0415,UP,True,True Positive,正确预测上涨,weak,0.54,0.3
8,2024-08-21,0005.HK,0.6991,UP,0.0322,UP,True,True Positive,正确预测上涨,bear,0.57,0.2
8,2024-08-22,0005.HK,0.6306,UP,0.0486,UP,True,True Positive,正确预测上涨,normal,0.5,0.8
8,2024-08-25,0005.HK,0.6958,UP,0.0379,UP,True,True Positive,正确预测上涨,normal,0.5,0.6
8,2024-08-26,0005.HK,0.7172,UP,0.0294,UP,True,True Positive,正确预测上涨,normal,0.5,0.8
8,2024-08-27,0005.HK,0.8027,UP,0.0367,UP,True,True Positive,正确预测上涨,normal,0.5,0.7
8,2024-08-28,0005.HK,0.7074,UP,0.0322,UP,True,True Positive,正确预测上涨,bear,0.57,0.2
8,2024-08-29,0005.HK,0.7396,UP,0.0182,UP,True,True Positive,正确预测上涨,normal,0.5,0.5
8,2024-08-01,2318.HK,0.639,UP,0.1181,UP,True,True Positive,正确预测上涨,unknown,0.5,0.5
8,2024-08-04,2318.HK,0.4591,DOWN,0.1111,UP,False,False Negative,预测跌但实际上涨,extreme_bear,1.0,0.0
8,2024-08-05,2318.HK,0.7294,UP,0.1157,UP,True,True Positive,正确预测上涨,bear,0.57,0.2
8,2024-08-06,2318.HK,0.6425,UP,0.0875,UP,True,True Positive,正确预测上涨,weak,0.54,0.3
8,2024-08-07,2318.HK,0.3811,DOWN,0.1063,UP,False,False Negative,预测跌但实际上涨,normal,0.5,1.0
8,2024-08-08,2318.HK,0.6616,UP,0.067,UP,True,True Positive,正确预测上涨,normal,0.5,0.4
8,2024-08-11,2318.HK,0.4331,DOWN,0.0577,UP,False,False Negative,预测跌但实际上涨,normal,0.5,1.0
8,2024-08-12,2318.HK,0.478,DOWN,0.0469,UP,False,False Negative,预测跌但实际上涨,normal,0.5,0.7
8,2024-08-13,2318.HK,0.3457,DOWN,0.0653,UP,False,False Negative,预测跌但实际上涨,normal,0.5,0.8
8,2024-08-14,2318.HK,0.3776,DOWN,0.0758,UP,False,False Negative,预测跌但实际上涨,extreme_bear,1.0,0.1
8,2024-08-15,2318.HK,0.3889,DOWN,0.0511,UP,False,False Negative,预测跌但实际上涨,normal,0.5,0.4
8,2024-08-18,2318.HK,0.3458,DOWN,0.0644,UP,False,False Negative,预测跌但实际上涨,normal,0.5,0.9
8,2024-08-19,2318.HK,0.3718,DOWN,0.1124,UP,False,False Negative,预测跌但实际上涨,normal,0.5,0.6
8,2024-08-20,2318.HK,0.5552,UP,0.1391,UP,True,True Positive,正确预测上涨,weak,0.54,0.3
8,2024-08-21,2318.HK,0.3345,DOWN,0.1291,UP,False,False Negative,预测跌但实际上涨,bear,0.57,0.2
8,2024-08-22,2318.HK,0.3029,DOWN,0.1675,UP,False,False Negative,预测跌但实际上涨,normal,0.5,0.8
8,2024-08-25,2318.HK,0.2874,DOWN,0.1906,UP,False,False Negative,预测跌但实际上涨,normal,0.5,0.6
8,2024-08-26,2318.HK,0.3387,DOWN,0.2837,UP,False,False Negative,预测跌但实际上涨,normal,0.5,0.8
8,2024-08-27,2318.HK,0.4738,DOWN,0.381,UP,False,False Negative,预测跌但实际上涨,normal,0.5,0.7
8,2024-08-28,2318.HK,0.5707,UP,0.429,UP,True,True Positive,正确预测上涨,bear,0.57,0.2
8,2024-08-29,2318.HK,0.3018,DOWN,0.5567,UP,False,False Negative,预测跌但实际上涨,normal,0.5,0.5
8,2024-08-01,1299.HK,0.7149,UP,0.0746,UP,True,True Positive,正确预测上涨,unknown,0.5,0.5
8,2024-08-04,1299.HK,0.5009,UP,0.0485,UP,True,True Positive,正确预测上涨,extreme_bear,1.0,0.0
8,2024-08-05,1299.HK,0.7119,UP,0.0673,UP,True,True Positive,正确预测上涨,bear,0.57,0.2
8,2024-08-06,1299.HK,0.6888,UP,0.0413,UP,True,True Positive,正确预测上涨,weak,0.54,0.3
8,2024-08-07,1299.HK,0.6749,UP,0.0577,UP,True,True Positive,正确预测上涨,normal,0.5,1.0
8,2024-08-08,1299.HK,0.5691,UP,0.035,UP,True,True Positive,正确预测上涨,normal,0.5,0.4
8,2024-08-11,1299.HK,0.3612,DOWN,0.0392,UP,False,False Negative,预测跌但实际上涨,normal,0.5,1.0
8,2024-08-12,1299.HK,0.4797,DOWN,0.0187,UP,False,False Negative,预测跌但实际上涨,normal,0.5,0.7
8,2024-08-13,1299.HK,0.5992,UP,0.0744,UP,True,True Positive,正确预测上涨,normal,0.5,0.8
8,2024-08-14,1299.HK,0.6387,UP,0.0727,UP,True,True Positive,正确预测上涨,extreme_bear,1.0,0.1
8,2024-08-15,1299.HK,0.366,DOWN,0.0615,UP,False,False Negative,预测跌但实际上涨,normal,0.5,0.4
8,2024-08-18,1299.HK,0.3261,DOWN,0.0673,UP,False,False Negative,预测跌但实际上涨,normal,0.5,0.9
8,2024-08-19,1299.HK,0.2817,DOWN,0.0923,UP,False,False Negative,预测跌但实际上涨,normal,0.5,0.6
8,2024-08-20,1299.HK,0.3465,DOWN,0.1425,UP,False,False Negative,预测跌但实际上涨,weak,0.54,0.3
8,2024-08-21,1299.HK,0.1995,DOWN,0.0757,UP,False,False Negative,预测跌但实际上涨,bear,0.57,0.2
8,2024-08-22,1299.HK,0.2232,DOWN,0.1034,UP,False,False Negative,预测跌但实际上涨,normal,0.5,0.8
8,2024-08-25,1299.HK,0.4292,DOWN,0.1087,UP,False,False Negative,预测跌但实际上涨,normal,0.5,0.6
8,2024-08-26,1299.HK,0.2826,DOWN,0.1522,UP,False,False Negative,预测跌但实际上涨,normal,0.5,0.8
8,2024-08-27,1299.HK,0.3095,DOWN,0.2483,UP,False,False Negative,预测跌但实际上涨,normal,0.5,0.7
8,2024-08-28,1299.HK,0.2787,DOWN,0.2606,UP,False,False Negative,预测跌但实际上涨,bear,0.57,0.2
8,2024-08-29,1299.HK,0.3389,DOWN,0.3127,UP,False,False Negative,预测跌但实际上涨,normal,0.5,0.5
8,2024-08-01,9988.HK,0.5687,UP,0.081,UP,True,True Positive,正确预测上涨,unknown,0.5,0.5
8,2024-08-04,9988.HK,0.3476,DOWN,0.0714,UP,False,False Negative,预测跌但实际上涨,extreme_bear,1.0,0.0
8,2024-08-05,9988.HK,0.5342,UP,0.0645,UP,True,True Positive,正确预测上涨,bear,0.57,0.2
8,2024-08-06,9988.HK,0.4165,DOWN,0.0471,UP,False,False Negative,预测跌但实际上涨,weak,0.54,0.3
8,2024-08-07,9988.HK,0.2253,DOWN,0.0425,UP,False,False Negative,预测跌但实际上涨,normal,0.5,1.0
8,2024-08-08,9988.HK,0.268,DOWN,0.0058,UP,False,False Negative,预测跌但实际上涨,normal,0.5,0.4
8,2024-08-11,9988.HK,0.2086,DOWN,0.0402,UP,False,False Negative,预测跌但实际上涨,normal,0.5,1.0
8,2024-08-12,9988.HK,0.4308,DOWN,0.0356,UP,False,False Negative,预测跌但实际上涨,normal,0.5,0.7
8,2024-08-13,9988.HK,0.4172,DOWN,0.0626,UP,False,False Negative,预测跌但实际上涨,normal,0.5,0.8
8,2024-08-14,9988.HK,0.4856,DOWN,0.0831,UP,False,False Negative,预测跌但实际上涨,extreme_bear,1.0,0.1
8,2024-08-15,9988.HK,0.1718,DOWN,0.0237,UP,False,False Negative,预测跌但实际上涨,normal,0.5,0.4
8,2024-08-18,9988.HK,0.2197,DOWN,0.0172,UP,False,False Negative,预测跌但实际上涨,normal,0.5,0.9
8,2024-08-19,9988.HK,0.373,DOWN,0.0659,UP,False,False Negative,预测跌但实际上涨,normal,0.5,0.6
8,2024-08-20,9988.HK,0.3683,DOWN,0.0907,UP,False,False Negative,预测跌但实际上涨,weak,0.54,0.3
8,2024-08-21,9988.HK,0.199,DOWN,0.0625,UP,False,False Negative,预测跌但实际上涨,bear,0.57,0.2
8,2024-08-22,9988.HK,0.3138,DOWN,0.1131,UP,False,False Negative,预测跌但实际上涨,normal,0.5,0.8
8,2024-08-25,9988.HK,0.2252,DOWN,0.096,UP,False,False Negative,预测跌但实际上涨,normal,0.5,0.6
8,2024-08-26,9988.HK,0.4218,DOWN,0.2226,UP,False,False Negative,预测跌但实际上涨,normal,0.5,0.8
8,2024-08-27,9988.HK,0.3273,DOWN,0.2958,UP,False,False Negative,预测跌但实际上涨,normal,0.5,0.7
8,2024-08-28,9988.HK,0.291,DOWN,0.3915,UP,False,False Negative,预测跌但实际上涨,bear,0.57,0.2
8,2024-08-29,9988.HK,0.2569,DOWN,0.4131,UP,False,False Negative,预测跌但实际上涨,normal,0.5,0.5
8,2024-08-01,0388.HK,0.6514,UP,0.0609,UP,True,True Positive,正确预测上涨,unknown,0.5,0.5
8,2024-08-04,0388.HK,0.613,UP,0.0553,UP,True,True Positive,正确预测上涨,extreme_bear,1.0,0.0
8,2024-08-05,0388.HK,0.5752,UP,0.0485,UP,True,True Positive,正确预测上涨,bear,0.57,0.2
8,2024-08-06,0388.HK,0.7245,UP,0.025,UP,True,True Positive,正确预测上涨,weak,0.54,0.3
8,2024-08-07,0388.HK,0.5889,UP,0.0295,UP,True,True Positive,正确预测上涨,normal,0.5,1.0
8,2024-08-08,0388.HK,0.5436,UP,0.0063,UP,True,True Positive,正确预测上涨,normal,0.5,0.4
8,2024-08-11,0388.HK,0.287,DOWN,-0.0173,DOWN,True,True Negative,正确预测下跌,normal,0.5,1.0
8,2024-08-12,0388.HK,0.4873,DOWN,-0.0262,DOWN,True,True Negative,正确预测下跌,normal,0.5,0.7
8,2024-08-13,0388.HK,0.6655,UP,-0.0134,DOWN,False,False Positive,预测涨但实际下跌,normal,0.5,0.8
8,2024-08-14,0388.HK,0.605,UP,0.0035,UP,True,True Positive,正确预测上涨,extreme_bear,1.0,0.1
8,2024-08-15,0388.HK,0.3704,DOWN,-0.0219,DOWN,True,True Negative,正确预测下跌,normal,0.5,0.4
8,2024-08-18,0388.HK,0.3958,DOWN,-0.0137,DOWN,True,True Negative,正确预测下跌,normal,0.5,0.9
8,2024-08-19,0388.HK,0.4217,DOWN,0.046,UP,False,False Negative,预测跌但实际上涨,normal,0.5,0.6
8,2024-08-20,0388.HK,0.729,UP,0.0767,UP,True,True Positive,正确预测上涨,weak,0.54,0.3
8,2024-08-21,0388.HK,0.4586,DOWN,0.0592,UP,False,False Negative,预测跌但实际上涨,bear,0.57,0.2
8,2024-08-22,0388.HK,0.471,DOWN,0.1384,UP,False,False Negative,预测跌但实际上涨,normal,0.5,0.8
8,2024-08-25,0388.HK,0.6833,UP,0.1384,UP,True,True Positive,正确预测上涨,normal,0.5,0.6
8,2024-08-26,0388.HK,0.4432,DOWN,0.2021,UP,False,False Negative,预测跌但实际上涨,normal,0.5,0.8
8,2024-08-27,0388.HK,0.5644,UP,0.3528,UP,True,True Positive,正确预测上涨,normal,0.5,0.7
8,2024-08-28,0388.HK,0.6948,UP,0.4057,UP,True,True Positive,正确预测上涨,bear,0.57,0.2
8,2024-08-29,0388.HK,0.7307,UP,0.5798,UP,True,True Positive,正确预测上涨,normal,0.5,0.5
8,2024-08-01,0883.HK,0.7425,UP,0.0564,UP,True,True Positive,正确预测上涨,unknown,0.5,0.5
8,2024-08-04,0883.HK,0.9346,UP,0.1073,UP,True,True Positive,正确预测上涨,extreme_bear,1.0,0.0
8,2024-08-05,0883.HK,0.9484,UP,0.1267,UP,True,True Positive,正确预测上涨,bear,0.57,0.2
8,2024-08-06,0883.HK,0.9529,UP,0.0343,UP,True,True Positive,正确预测上涨,weak,0.54,0.3
8,2024-08-07,0883.HK,0.8965,UP,0.0102,UP,True,True Positive,正确预测上涨,normal,0.5,1.0
8,2024-08-08,0883.HK,0.8278,UP,-0.0412,DOWN,False,False Positive,预测涨但实际下跌,normal,0.5,0.4
8,2024-08-11,0883.HK,0.6452,UP,-0.0294,DOWN,False,False Positive,预测涨但实际下跌,normal,0.5,1.0
8,2024-08-12,0883.HK,0.5066,UP,-0.0663,DOWN,False,False Positive,预测涨但实际下跌,normal,0.5,0.7
8,2024-08-13,0883.HK,0.7432,UP,-0.0537,DOWN,False,False Positive,预测涨但实际下跌,normal,0.5,0.8
8,2024-08-14,0883.HK,0.705,UP,-0.0341,DOWN,False,False Positive,预测涨但实际下跌,extreme_bear,1.0,0.1
8,2024-08-15,0883.HK,0.3838,DOWN,-0.069,DOWN,True,True Negative,正确预测下跌,normal,0.5,0.4
8,2024-08-18,0883.HK,0.4685,DOWN,-0.0485,DOWN,True,True Negative,正确预测下跌,normal,0.5,0.9
8,2024-08-19,0883.HK,0.5203,UP,-0.0286,DOWN,False,False Positive,预测涨但实际下跌,normal,0.5,0.6
8,2024-08-20,0883.HK,0.6323,UP,-0.033,DOWN,False,False Positive,预测涨但实际下跌,weak,0.54,0.3
8,2024-08-21,0883.HK,0.5228,UP,-0.0241,DOWN,False,False Positive,预测涨但实际下跌,bear,0.57,0.2
8,2024-08-22,0883.HK,0.5194,UP,0.006,UP,True,True Positive,正确预测上涨,normal,0.5,0.8
8,2024-08-25,0883.HK,0.5877,UP,-0.0101,DOWN,False,False Positive,预测涨但实际下跌,normal,0.5,0.6
8,2024-08-26,0883.HK,0.6591,UP,-0.1048,DOWN,False,False Positive,预测涨但实际下跌,normal,0.5,0.8
8,2024-08-27,0883.HK,0.6349,UP,-0.0918,DOWN,False,False Positive,预测涨但实际下跌,normal,0.5,0.7
8,2024-08-28,0883.HK,0.5453,UP,-0.0463,DOWN,False,False Positive,预测涨但实际下跌,bear,0.57,0.2
8,2024-08-29,0883.HK,0.6114,UP,-0.0144,DOWN,False,False Positive,预测涨但实际下跌,normal,0.5,0.5
8,2024-08-01,1398.HK,0.3596,DOWN,0.0394,UP,False,False Negative,预测跌但实际上涨,unknown,0.5,0.5
8,2024-08-04,1398.HK,0.6777,UP,0.0355,UP,True,True Positive,正确预测上涨,extreme_bear,1.0,0.0
8,2024-08-05,1398.HK,0.8497,UP,0.0215,UP,True,True Positive,正确预测上涨,bear,0.57,0.2
8,2024-08-06,1398.HK,0.6365,UP,-0.0047,DOWN,False,False Positive,预测涨但实际下跌,weak,0.54,0.3
8,2024-08-07,1398.HK,0.4996,DOWN,-0.0232,DOWN,True,True Negative,正确预测下跌,normal,0.5,1.0
8,2024-08-08,1398.HK,0.4124,DOWN,-0.0524,DOWN,True,True Negative,正确预测下跌,normal,0.5,0.4
8,2024-08-11,1398.HK,0.3218,DOWN,-0.0625,DOWN,True,True Negative,正确预测下跌,normal,0.5,1.0
8,2024-08-12,1398.HK,0.4585,DOWN,-0.0846,DOWN,True,True Negative,正确预测下跌,normal,0.5,0.7
8,2024-08-13,1398.HK,0.3678,DOWN,-0.0757,DOWN,True,True Negative,正确预测下跌,normal,0.5,0.8
8,2024-08-14,1398.HK,0.3053,DOWN,-0.0786,DOWN,True,True Negative,正确预测下跌,extreme_bear,1.0,0.1
8,2024-08-15,1398.HK,0.2728,DOWN,-0.0779,DOWN,True,True Negative,正确预测下跌,normal,0.5,0.4
8,2024-08-18,1398.HK,0.1938,DOWN,-0.0766,DOWN,True,True Negative,正确预测下跌,normal,0.5,0.9
8,2024-08-19,1398.HK,0.1775,DOWN,-0.0745,DOWN,True,True Negative,正确预测下跌,normal,0.5,0.6
8,2024-08-20,1398.HK,0.1855,DOWN,-0.0539,DOWN,True,True Negative,正确预测下跌,weak,0.54,0.3
8,2024-08-21,1398.HK,0.1795,DOWN,-0.0513,DOWN,True,True Negative,正确预测下跌,bear,0.57,0.2
8,2024-08-22,1398.HK,0.2699,DOWN,-0.0042,DOWN,True,True Negative,正确预测下跌,normal,0.5,0.8
8,2024-08-25,1398.HK,0.2853,DOWN,0.0127,UP,False,False Negative,预测跌但实际上涨,normal,0.5,0.6
8,2024-08-26,1398.HK,0.5149,UP,0.0105,UP,True,True Positive,正确预测上涨,normal,0.5,0.8
8,2024-08-27,1398.HK,0.3254,DOWN,-0.0063,DOWN,True,True Negative,正确预测下跌,normal,0.5,0.7
8,2024-08-28,1398.HK,0.6544,UP,0.0043,UP,True,True Positive,正确预测上涨,bear,0.57,0.2
8,2024-08-29,1398.HK,0.7004,UP,0.078,UP,True,True Positive,正确预测上涨,normal,0.5,0.5
8,2024-08-01,0688.HK,0.4175,DOWN,-0.0032,DOWN,True,True Negative,正确预测下跌,unknown,0.5,0.5
8,2024-08-04,0688.HK,0.5482,UP,-0.0575,DOWN,False,False Positive,预测涨但实际下跌,extreme_bear,1.0,0.0
8,2024-08-05,0688.HK,0.4617,DOWN,-0.0527,DOWN,True,True Negative,正确预测下跌,bear,0.57,0.2
8,2024-08-06,0688.HK,0.4932,DOWN,-0.0696,DOWN,True,True Negative,正确预测下跌,weak,0.54,0.3
8,2024-08-07,0688.HK,0.5726,UP,-0.062,DOWN,False,False Positive,预测涨但实际下跌,normal,0.5,1.0
8,2024-08-08,0688.HK,0.2636,DOWN,-0.1116,DOWN,True,True Negative,正确预测下跌,normal,0.5,0.4
8,2024-08-11,0688.HK,0.2309,DOWN,-0.1299,DOWN,True,True Negative,正确预测下跌,normal,0.5,1.0
8,2024-08-12,0688.HK,0.1103,DOWN,-0.1315,DOWN,True,True Negative,正确预测下跌,normal,0.5,0.7
8,2024-08-13,0688.HK,0.1124,DOWN,-0.1256,DOWN,True,True Negative,正确预测下跌,normal,0.5,0.8
8,2024-08-14,0688.HK,0.153,DOWN,-0.1151,DOWN,True,True Negative,正确预测下跌,extreme_bear,1.0,0.1
8,2024-08-15,0688.HK,0.092,DOWN,-0.1316,DOWN,True,True Negative,正确预测下跌,normal,0.5,0.4
8,2024-08-18,0688.HK,0.1485,DOWN,-0.1121,DOWN,True,True Negative,正确预测下跌,normal,0.5,0.9
8,2024-08-19,0688.HK,0.3069,DOWN,-0.0594,DOWN,True,True Negative,正确预测下跌,normal,0.5,0.6
8,2024-08-20,0688.HK,0.1687,DOWN,-0.0114,DOWN,True,True Negative,正确预测下跌,weak,0.54,0.3
8,2024-08-21,0688.HK,0.1523,DOWN,0.0121,UP,False,False Negative,预测跌但实际上涨,bear,0.57,0.2
8,2024-08-22,0688.HK,0.2179,DOWN,0.0651,UP,False,False Negative,预测跌但实际上涨,normal,0.5,0.8
8,2024-08-25,0688.HK,0.4259,DOWN,0.0409,UP,False,False Negative,预测跌但实际上涨,normal,0.5,0.6
8,2024-08-26,0688.HK,0.4333,DOWN,0.206,UP,False,False Negative,预测跌但实际上涨,normal,0.5,0.8
8,2024-08-27,0688.HK,0.3429,DOWN,0.3594,UP,False,False Negative,预测跌但实际上涨,normal,0.5,0.7
8,2024-08-28,0688.HK,0.2649,DOWN,0.3792,UP,False,False Negative,预测跌但实际上涨,bear,0.57,0.2
8,2024-08-29,0688.HK,0.1978,DOWN,0.5205,UP,False,False Negative,预测跌但实际上涨,normal,0.5,0.5
8,2024-08-01,1810.HK,0.7329,UP,0.2127,UP,True,True Positive,正确预测上涨,unknown,0.5,0.5
8,2024-08-04,1810.HK,0.7287,UP,0.2018,UP,True,True Positive,正确预测上涨,extreme_bear,1.0,0.0
8,2024-08-05,1810.HK,0.7722,UP,0.2124,UP,True,True Positive,正确预测上涨,bear,0.57,0.2
8,2024-08-06,1810.HK,0.8133,UP,0.1736,UP,True,True Positive,正确预测上涨,weak,0.54,0.3
8,2024-08-07,1810.HK,0.7162,UP,0.1705,UP,True,True Positive,正确预测上涨,normal,0.5,1.0
8,2024-08-08,1810.HK,0.6172,UP,0.1354,UP,True,True Positive,正确预测上涨,normal,0.5,0.4
8,2024-08-11,1810.HK,0.5921,UP,0.1337,UP,True,True Positive,正确预测上涨,normal,0.5,1.0
8,2024-08-12,1810.HK,0.4186,DOWN,0.1219,UP,False,False Negative,预测跌但实际上涨,normal,0.5,0.7
8,2024-08-13,1810.HK,0.4346,DOWN,0.1222,UP,False,False Negative,预测跌但实际上涨,normal,0.5,0.8
8,2024-08-14,1810.HK,0.402,DOWN,0.1161,UP,False,False Negative,预测跌但实际上涨,extreme_bear,1.0,0.1
8,2024-08-15,1810.HK,0.351,DOWN,0.1109,UP,False,False Negative,预测跌但实际上涨,normal,0.5,0.4
8,2024-08-18,1810.HK,0.2287,DOWN,0.1078,UP,False,False Negative,预测跌但实际上涨,normal,0.5,0.9
8,2024-08-19,1810.HK,0.1648,DOWN,0.1199,UP,False,False Negative,预测跌但实际上涨,normal,0.5,0.6
8,2024-08-20,1810.HK,0.2402,DOWN,0.1347,UP,False,False Negative,预测跌但实际上涨,weak,0.54,0.3
8,2024-08-21,1810.HK,0.0367,DOWN,0.0759,UP,False,False Negative,预测跌但实际上涨,bear,0.57,0.2
8,2024-08-22,1810.HK,0.0355,DOWN,0.1265,UP,False,False Negative,预测跌但实际上涨,normal,0.5,0.8
8,2024-08-25,1810.HK,0.0519,DOWN,0.0978,UP,False,False Negative,预测跌但实际上涨,normal,0.5,0.6
8,2024-08-26,1810.HK,0.0335,DOWN,0.1388,UP,False,False Negative,预测跌但实际上涨,normal,0.5,0.8
8,2024-08-27,1810.HK,0.0167,DOWN,0.1577,UP,False,False Negative,预测跌但实际上涨,normal,0.5,0.7
8,2024-08-28,1810.HK,0.0129,DOWN,0.1917,UP,False,False Negative,预测跌但实际上涨,bear,0.57,0.2
8,2024-08-29,1810.HK,0.0202,DOWN,0.2308,UP,False,False Negative,预测跌但实际上涨,normal,0.5,0.5
9,2024-09-01,0700.HK,0.5569,UP,0.234,UP,True,True Positive,正确预测上涨,unknown,0.5,0.5
9,2024-09-02,0700.HK,0.2245,DOWN,0.2628,UP,False,False Negative,预测跌但实际上涨,extreme_bear,1.0,0.0
9,2024-09-03,0700.HK,0.5348,UP,0.2833,UP,True,True Positive,正确预测上涨,normal,0.5,0.6
9,2024-09-04,0700.HK,0.6103,UP,0.1746,UP,True,True Positive,正确预测上涨,extreme_bear,1.0,0.0
9,2024-09-08,0700.HK,0.3947,DOWN,0.1697,UP,False,False Negative,预测跌但实际上涨,normal,0.5,0.6
9,2024-09-09,0700.HK,0.7886,UP,0.1905,UP,True,True Positive,正确预测上涨,extreme_bear,1.0,0.1
9,2024-09-10,0700.HK,0.8276,UP,0.1777,UP,True,True Positive,正确预测上涨,normal,0.5,0.5
9,2024-09-11,0700.HK,0.7447,UP,0.1192,UP,True,True Positive,正确预测上涨,bear,0.57,0.2
9,2024-09-12,0700.HK,0.6893,UP,0.1094,UP,True,True Positive,正确预测上涨,normal,0.5,0.9
9,2024-09-15,0700.HK,0.4749,DOWN,0.0921,UP,False,False Negative,预测跌但实际上涨,normal,0.5,0.8
9,2024-09-16,0700.HK,0.567,UP,0.1337,UP,True,True Positive,正确预测上涨,weak,0.54,0.3
9,2024-09-18,0700.HK,0.6868,UP,0.0828,UP,True,True Positive,正确预测上涨,normal,0.5,1.0
9,2024-09-19,0700.HK,0.5435,UP,0.0849,UP,True,True Positive,正确预测上涨,normal,0.5,1.0
9,2024-09-22,0700.HK,0.288,DOWN,0.1047,UP,False,False Negative,预测跌但实际上涨,normal,0.5,0.9
9,2024-09-23,0700.HK,0.5179,UP,0.0492,UP,True,True Positive,正确预测上涨,normal,0.5,0.4
9,2024-09-24,0700.HK,0.8022,UP,0.0385,UP,True,True Positive,正确预测上涨,normal,0.5,1.0
9,2024-09-25,0700.HK,0.5419,UP,-0.0298,DOWN,False,False Positive,预测涨但实际下跌,normal,0.5,0.5
9,2024-09-26,0700.HK,0.4048,DOWN,-0.0443,DOWN,True,True Negative,正确预测下跌,normal,0.5,0.9
9,2024-09-29,0700.HK,0.1468,DOWN,-0.0756,DOWN,True,True Negative,正确预测下跌,normal,0.5,0.9
9,2024-09-01,0005.HK,0.5262,UP,0.0154,UP,True,True Positive,正确预测上涨,unknown,0.5,0.5
9,2024-09-02,0005.HK,0.4522,DOWN,0.0302,UP,False,False Negative,预测跌但实际上涨,extreme_bear,1.0,0.0
9,2024-09-03,0005.HK,0.6988,UP,0.0492,UP,True,True Positive,正确预测上涨,normal,0.5,0.6
9,2024-09-04,0005.HK,0.7127,UP,0.0141,UP,True,True Positive,正确预测上涨,extreme_bear,1.0,0.0
9,2024-09-08,0005.HK,0.6406,UP,0.0112,UP,True,True Positive,正确预测上涨,normal,0.5,0.6
9,2024-09-09,0005.HK,0.8315,UP,0.0096,UP,True,True Positive,正确预测上涨,extreme_bear,1.0,0.1
9,2024-09-10,0005.HK,0.7421,UP,0.0248,UP,True,True Positive,正确预测上涨,normal,0.5,0.5
9,2024-09-11,0005.HK,0.7549,UP,0.0097,UP,True,True Positive,正确预测上涨,bear,0.57,0.2
9,2024-09-12,0005.HK,0.7611,UP,0.0059,UP,True,True Positive,正确预测上涨,normal,0.5,0.9
9,2024-09-15,0005.HK,0.6692,UP,0.0104,UP,True,True Positive,正确预测上涨,normal,0.5,0.8
9,2024-09-16,0005.HK,0.6416,UP,0.0081,UP,True,True Positive,正确预测上涨,weak,0.54,0.3
9,2024-09-18,0005.HK,0.7481,UP,-0.0007,DOWN,False,False Positive,预测涨但实际下跌,normal,0.5,1.0
9,2024-09-19,0005.HK,0.791,UP,-0.0102,DOWN,False,False Positive,预测涨但实际下跌,normal,0.5,1.0
9,2024-09-22,0005.HK,0.5266,UP,-0.0022,DOWN,False,False Positive,预测涨但实际下跌,normal,0.5,0.9
9,2024-09-23,0005.HK,0.6062,UP,-0.0193,DOWN,False,False Positive,预测涨但实际下跌,normal,0.5,0.4
9,2024-09-24,0005.HK,0.6726,UP,-0.015,DOWN,False,False Positive,预测涨但实际下跌,normal,0.5,1.0
9,2024-09-25,0005.HK,0.608,UP,-0.0136,DOWN,False,False Positive,预测涨但实际下跌,normal,0.5,0.5
9,2024-09-26,0005.HK,0.5516,UP,0.0142,UP,True,True Positive,正确预测上涨,normal,0.5,0.9
9,2024-09-29,0005.HK,0.4698,DOWN,0.0199,UP,False,False Negative,预测跌但实际上涨,normal,0.5,0.9
9,2024-09-01,2318.HK,0.0818,DOWN,0.5263,UP,False,False Negative,预测跌但实际上涨,unknown,0.5,0.5
9,2024-09-02,2318.HK,0.0642,DOWN,0.6082,UP,False,False Negative,预测跌但实际上涨,extreme_bear,1.0,0.0
9,2024-09-03,2318.HK,0.0895,DOWN,0.7009,UP,False,False Negative,预测跌但实际上涨,normal,0.5,0.6
9,2024-09-04,2318.HK,0.3046,DOWN,0.4115,UP,False,False Negative,预测跌但实际上涨,extreme_bear,1.0,0.0
9,2024-09-08,2318.HK,0.0948,DOWN,0.3856,UP,False,False Negative,预测跌但实际上涨,normal,0.5,0.6
9,2024-09-09,2318.HK,0.5148,UP,0.474,UP,True,True Positive,正确预测上涨,extreme_bear,1.0,0.1
9,2024-09-10,2318.HK,0.5245,UP,0.4869,UP,True,True Positive,正确预测上涨,normal,0.5,0.5
9,2024-09-11,2318.HK,0.5594,UP,0.3902,UP,True,True Positive,正确预测上涨,bear,0.57,0.2
9,2024-09-12,2318.HK,0.2847,DOWN,0.3847,UP,False,False Negative,预测跌但实际上涨,normal,0.5,0.9
9,2024-09-15,2318.HK,0.1732,DOWN,0.3647,UP,False,False Negative,预测跌但实际上涨,normal,0.5,0.8
9,2024-09-16,2318.HK,0.2581,DOWN,0.3972,UP,False,False Negative,预测跌但实际上涨,weak,0.54,0.3
9,2024-09-18,2318.HK,0.0999,DOWN,0.3185,UP,False,False Negative,预测跌但实际上涨,normal,0.5,1.0
9,2024-09-19,2318.HK,0.1086,DOWN,0.2789,UP,False,False Negative,预测跌但实际上涨,normal,0.5,1.0
9,2024-09-22,2318.HK,0.067,DOWN,0.3121,UP,False,False Negative,预测跌但实际上涨,normal,0.5,0.9
9,2024-09-23,2318.HK,0.0228,DOWN,0.2094,UP,False,False Negative,预测跌但实际上涨,normal,0.5,0.4
9,2024-09-24,2318.HK,0.1057,DOWN,0.1683,UP,False,False Negative,预测跌但实际上涨,normal,0.5,1.0
9,2024-09-25,2318.HK,0.09,DOWN,0.0724,UP,False,False Negative,预测跌但实际上涨,normal,0.5,0.5
9,2024-09-26,2318.HK,0.0545,DOWN,0.0082,UP,False,False Negative,预测跌但实际上涨,normal,0.5,0.9
9,2024-09-29,2318.HK,0.0456,DOWN,-0.0449,DOWN,True,True Negative,正确预测下跌,normal,0.5,0.9
9,2024-09-01,1299.HK,0.1814,DOWN,0.3128,UP,False,False Negative,预测跌但实际上涨,unknown,0.5,0.5
9,2024-09-02,1299.HK,0.1398,DOWN,0.3728,UP,False,False Negative,预测跌但实际上涨,extreme_bear,1.0,0.0
9,2024-09-03,1299.HK,0.2096,DOWN,0.3408,UP,False,False Negative,预测跌但实际上涨,normal,0.5,0.6
9,2024-09-04,1299.HK,0.1604,DOWN,0.186,UP,False,False Negative,预测跌但实际上涨,extreme_bear,1.0,0.0
9,2024-09-08,1299.HK,0.1994,DOWN,0.2056,UP,False,False Negative,预测跌但实际上涨,normal,0.5,0.6
9,2024-09-09,1299.HK,0.4419,DOWN,0.2542,UP,False,False Negative,预测跌但实际上涨,extreme_bear,1.0,0.1
9,2024-09-10,1299.HK,0.3157,DOWN,0.2415,UP,False,False Negative,预测跌但实际上涨,normal,0.5,0.5
9,2024-09-11,1299.HK,0.1977,DOWN,0.1541,UP,False,False Negative,预测跌但实际上涨,bear,0.57,0.2
9,2024-09-12,1299.HK,0.2669,DOWN,0.1522,UP,False,False Negative,预测跌但实际上涨,normal,0.5,0.9
9,2024-09-15,1299.HK,0.212,DOWN,0.1416,UP,False,False Negative,预测跌但实际上涨,normal,0.5,0.8
9,2024-09-16,1299.HK,0.1963,DOWN,0.1527,UP,False,False Negative,预测跌但实际上涨,weak,0.54,0.3
9,2024-09-18,1299.HK,0.262,DOWN,0.0983,UP,False,False Negative,预测跌但实际上涨,normal,0.5,1.0
9,2024-09-19,1299.HK,0.3432,DOWN,0.0541,UP,False,False Negative,预测跌但实际上涨,normal,0.5,1.0
9,2024-09-22,1299.HK,0.0726,DOWN,0.0559,UP,False,False Negative,预测跌但实际上涨,normal,0.5,0.9
9,2024-09-23,1299.HK,0.0825,DOWN,0.0377,UP,False,False Negative,预测跌但实际上涨,normal,0.5,0.4
9,2024-09-24,1299.HK,0.1273,DOWN,0.0363,UP,False,False Negative,预测跌但实际上涨,normal,0.5,1.0
9,2024-09-25,1299.HK,0.1046,DOWN,-0.0157,DOWN,True,True Negative,正确预测下跌,normal,0.5,0.5
9,2024-09-26,1299.HK,0.0482,DOWN,-0.0856,DOWN,True,True Negative,正确预测下跌,normal,0.5,0.9
9,2024-09-29,1299.HK,0.0389,DOWN,-0.1213,DOWN,True,True Negative,正确预测下跌,normal,0.5,0.9
9,2024-09-01,9988.HK,0.5008,UP,0.3836,UP,True,True Positive,正确预测上涨,unknown,0.5,0.5
9,2024-09-02,9988.HK,0.2079,DOWN,0.422,UP,False,False Negative,预测跌但实际上涨,extreme_bear,1.0,0.0
9,2024-09-03,9988.HK,0.338,DOWN,0.4307,UP,False,False Negative,预测跌但实际上涨,normal,0.5,0.6
9,2024-09-04,9988.HK,0.0611,DOWN,0.3095,UP,False,False Negative,预测跌但实际上涨,extreme_bear,1.0,0.0
9,2024-09-08,9988.HK,0.1274,DOWN,0.3142,UP,False,False Negative,预测跌但实际上涨,normal,0.5,0.6
9,2024-09-09,9988.HK,0.1868,DOWN,0.2966,UP,False,False Negative,预测跌但实际上涨,extreme_bear,1.0,0.1
9,2024-09-10,9988.HK,0.1368,DOWN,0.2916,UP,False,False Negative,预测跌但实际上涨,normal,0.5,0.5
9,2024-09-11,9988.HK,0.0891,DOWN,0.2001,UP,False,False Negative,预测跌但实际上涨,bear,0.57,0.2
9,2024-09-12,9988.HK,0.0603,DOWN,0.1958,UP,False,False Negative,预测跌但实际上涨,normal,0.5,0.9
9,2024-09-15,9988.HK,0.0353,DOWN,0.2012,UP,False,False Negative,预测跌但实际上涨,normal,0.5,0.8
9,2024-09-16,9988.HK,0.0972,DOWN,0.213,UP,False,False Negative,预测跌但实际上涨,weak,0.54,0.3
9,2024-09-18,9988.HK,0.0759,DOWN,0.1412,UP,False,False Negative,预测跌但实际上涨,normal,0.5,1.0
9,2024-09-19,9988.HK,0.1882,DOWN,0.1153,UP,False,False Negative,预测跌但实际上涨,normal,0.5,1.0
9,2024-09-22,9988.HK,0.0559,DOWN,0.1216,UP,False,False Negative,预测跌但实际上涨,normal,0.5,0.9
9,2024-09-23,9988.HK,0.0704,DOWN,0.0234,UP,False,False Negative,预测跌但实际上涨,normal,0.5,0.4
9,2024-09-24,9988.HK,0.0802,DOWN,0.0444,UP,False,False Negative,预测跌但实际上涨,normal,0.5,1.0
9,2024-09-25,9988.HK,0.0571,DOWN,-0.0113,DOWN,True,True Negative,正确预测下跌,normal,0.5,0.5
9,2024-09-26,9988.HK,0.0466,DOWN,-0.0483,DOWN,True,True Negative,正确预测下跌,normal,0.5,0.9
9,2024-09-29,9988.HK,0.0153,DOWN,-0.1286,DOWN,True,True Negative,正确预测下跌,normal,0.5,0.9
9,2024-09-01,0388.HK,0.638,UP,0.5806,UP,True,True Positive,正确预测上涨,unknown,0.5,0.5
9,2024-09-02,0388.HK,0.3756,DOWN,0.616,UP,False,False Negative,预测跌但实际上涨,extreme_bear,1.0,0.0
9,2024-09-03,0388.HK,0.696,UP,0.7137,UP,True,True Positive,正确预测上涨,normal,0.5,0.6
9,2024-09-04,0388.HK,0.3368,DOWN,0.4817,UP,False,False Negative,预测跌但实际上涨,extreme_bear,1.0,0.0
9,2024-09-08,0388.HK,0.1976,DOWN,0.421,UP,False,False Negative,预测跌但实际上涨,normal,0.5,0.6
9,2024-09-09,0388.HK,0.6753,UP,0.496,UP,True,True Positive,正确预测上涨,extreme_bear,1.0,0.1
9,2024-09-10,0388.HK,0.665,UP,0.4611,UP,True,True Positive,正确预测上涨,normal,0.5,0.5
9,2024-09-11,0388.HK,0.7285,UP,0.3837,UP,True,True Positive,正确预测上涨,bear,0.57,0.2
9,2024-09-12,0388.HK,0.6642,UP,0.3634,UP,True,True Positive,正确预测上涨,normal,0.5,0.9
9,2024-09-15,0388.HK,0.2685,DOWN,0.3562,UP,False,False Negative,预测跌但实际上涨,normal,0.5,0.8
9,2024-09-16,0388.HK,0.4188,DOWN,0.4076,UP,False,False Negative,预测跌但实际上涨,weak,0.54,0.3
9,2024-09-18,0388.HK,0.3019,DOWN,0.309,UP,False,False Negative,预测跌但实际上涨,normal,0.5,1.0
9,2024-09-19,0388.HK,0.2359,DOWN,0.2873,UP,False,False Negative,预测跌但实际上涨,normal,0.5,1.0
9,2024-09-22,0388.HK,0.0965,DOWN,0.3062,UP,False,False Negative,预测跌但实际上涨,normal,0.5,0.9
9,2024-09-23,0388.HK,0.0633,DOWN,0.204,UP,False,False Negative,预测跌但实际上涨,normal,0.5,0.4
9,2024-09-24,0388.HK,0.1262,DOWN,0.1912,UP,False,False Negative,预测跌但实际上涨,normal,0.5,1.0
9,2024-09-25,0388.HK,0.1441,DOWN,0.1273,UP,False,False Negative,预测跌但实际上涨,normal,0.5,0.5
9,2024-09-26,0388.HK,0.1472,DOWN,0.0143,UP,False,False Negative,预测跌但实际上涨,normal,0.5,0.9
9,2024-09-29,0388.HK,0.1677,DOWN,-0.0515,DOWN,True,True Negative,正确预测下跌,normal,0.5,0.9
9,2024-09-01,0883.HK,0.4175,DOWN,0.0288,UP,False,False Negative,预测跌但实际上涨,unknown,0.5,0.5
9,2024-09-02,0883.HK,0.3748,DOWN,0.0559,UP,False,False Negative,预测跌但实际上涨,extreme_bear,1.0,0.0
9,2024-09-03,0883.HK,0.7165,UP,0.1536,UP,True,True Positive,正确预测上涨,normal,0.5,0.6
9,2024-09-04,0883.HK,0.7588,UP,0.0679,UP,True,True Positive,正确预测上涨,extreme_bear,1.0,0.0
9,2024-09-08,0883.HK,0.8983,UP,0.0532,UP,True,True Positive,正确预测上涨,normal,0.5,0.6
9,2024-09-09,0883.HK,0.9152,UP,0.0922,UP,True,True Positive,正确预测上涨,extreme_bear,1.0,0.1
9,2024-09-10,0883.HK,0.9084,UP,0.1207,UP,True,True Positive,正确预测上涨,normal,0.5,0.5
9,2024-09-11,0883.HK,0.8385,UP,0.0628,UP,True,True Positive,正确预测上涨,bear,0.57,0.2
9,2024-09-12,0883.HK,0.7738,UP,0.0335,UP,True,True Positive,正确预测上涨,normal,0.5,0.9
9,2024-09-15,0883.HK,0.8306,UP,0.0337,UP,True,True Positive,正确预测上涨,normal,0.5,0.8
9,2024-09-16,0883.HK,0.562,UP,0.0128,UP,True,True Positive,正确预测上涨,weak,0.54,0.3
9,2024-09-18,0883.HK,0.8008,UP,-0.0021,DOWN,False,False Positive,预测涨但实际下跌,normal,0.5,1.0
9,2024-09-19,0883.HK,0.6613,UP,-0.0074,DOWN,False,False Positive,预测涨但实际下跌,normal,0.5,1.0
9,2024-09-22,0883.HK,0.6129,UP,-0.0074,DOWN,False,False Positive,预测涨但实际下跌,normal,0.5,0.9
9,2024-09-23,0883.HK,0.3508,DOWN,-0.0354,DOWN,True,True Negative,正确预测下跌,normal,0.5,0.4
9,2024-09-24,0883.HK,0.308,DOWN,-0.0386,DOWN,True,True Negative,正确预测下跌,normal,0.5,1.0
9,2024-09-25,0883.HK,0.5291,UP,0.0163,UP,True,True Positive,正确预测上涨,normal,0.5,0.5
9,2024-09-26,0883.HK,0.8798,UP,-0.0086,DOWN,False,False Positive,预测涨但实际下跌,normal,0.5,0.9
9,2024-09-29,0883.HK,0.5854,UP,-0.0721,DOWN,False,False Positive,预测涨但实际下跌,normal,0.5,0.9
9,2024-09-01,1398.HK,0.8077,UP,0.1007,UP,True,True Positive,正确预测上涨,unknown,0.5,0.5
9,2024-09-02,1398.HK,0.7695,UP,0.1285,UP,True,True Positive,正确预测上涨,extreme_bear,1.0,0.0
9,2024-09-03,1398.HK,0.6994,UP,0.1365,UP,True,True Positive,正确预测上涨,normal,0.5,0.6
9,2024-09-04,1398.HK,0.9144,UP,0.0974,UP,True,True Positive,正确预测上涨,extreme_bear,1.0,0.0
9,2024-09-08,1398.HK,0.9014,UP,0.0889,UP,True,True Positive,正确预测上涨,normal,0.5,0.6
9,2024-09-09,1398.HK,0.9102,UP,0.1119,UP,True,True Positive,正确预测上涨,extreme_bear,1.0,0.1
9,2024-09-10,1398.HK,0.9601,UP,0.1752,UP,True,True Positive,正确预测上涨,normal,0.5,0.5
9,2024-09-11,1398.HK,0.949,UP,0.1373,UP,True,True Positive,正确预测上涨,bear,0.57,0.2
9,2024-09-12,1398.HK,0.8683,UP,0.1303,UP,True,True Positive,正确预测上涨,normal,0.5,0.9
9,2024-09-15,1398.HK,0.647,UP,0.1033,UP,True,True Positive,正确预测上涨,normal,0.5,0.8
9,2024-09-16,1398.HK,0.7418,UP,0.1037,UP,True,True Positive,正确预测上涨,weak,0.54,0.3
9,2024-09-18,1398.HK,0.7541,UP,0.0782,UP,True,True Positive,正确预测上涨,normal,0.5,1.0
9,2024-09-19,1398.HK,0.6311,UP,0.0706,UP,True,True Positive,正确预测上涨,normal,0.5,1.0
9,2024-09-22,1398.HK,0.5716,UP,0.0698,UP,True,True Positive,正确预测上涨,normal,0.5,0.9
9,2024-09-23,1398.HK,0.3504,DOWN,0.0149,UP,False,False Negative,预测跌但实际上涨,normal,0.5,0.4
9,2024-09-24,1398.HK,0.377,DOWN,-0.0084,DOWN,True,True Negative,正确预测下跌,normal,0.5,1.0
9,2024-09-25,1398.HK,0.4861,DOWN,-0.0269,DOWN,True,True Negative,正确预测下跌,normal,0.5,0.5
9,2024-09-26,1398.HK,0.3767,DOWN,-0.0021,DOWN,True,True Negative,正确预测下跌,normal,0.5,0.9
9,2024-09-29,1398.HK,0.393,DOWN,-0.0043,DOWN,True,True Negative,正确预测下跌,normal,0.5,0.9
9,2024-09-01,0688.HK,0.2021,DOWN,0.5273,UP,False,False Negative,预测跌但实际上涨,unknown,0.5,0.5
9,2024-09-02,0688.HK,0.069,DOWN,0.5213,UP,False,False Negative,预测跌但实际上涨,extreme_bear,1.0,0.0
9,2024-09-03,0688.HK,0.0496,DOWN,0.5587,UP,False,False Negative,预测跌但实际上涨,normal,0.5,0.6
9,2024-09-04,0688.HK,0.0507,DOWN,0.3079,UP,False,False Negative,预测跌但实际上涨,extreme_bear,1.0,0.0
9,2024-09-08,0688.HK,0.1193,DOWN,0.2911,UP,False,False Negative,预测跌但实际上涨,normal,0.5,0.6
9,2024-09-09,0688.HK,0.1284,DOWN,0.373,UP,False,False Negative,预测跌但实际上涨,extreme_bear,1.0,0.1
9,2024-09-10,0688.HK,0.0619,DOWN,0.4514,UP,False,False Negative,预测跌但实际上涨,normal,0.5,0.5
9,2024-09-11,0688.HK,0.0514,DOWN,0.3743,UP,False,False Negative,预测跌但实际上涨,bear,0.57,0.2
9,2024-09-12,0688.HK,0.0347,DOWN,0.4158,UP,False,False Negative,预测跌但实际上涨,normal,0.5,0.9
9,2024-09-15,0688.HK,0.0908,DOWN,0.3495,UP,False,False Negative,预测跌但实际上涨,normal,0.5,0.8
9,2024-09-16,0688.HK,0.0227,DOWN,0.3528,UP,False,False Negative,预测跌但实际上涨,weak,0.54,0.3
9,2024-09-18,0688.HK,0.1576,DOWN,0.3223,UP,False,False Negative,预测跌但实际上涨,normal,0.5,1.0
9,2024-09-19,0688.HK,0.1005,DOWN,0.3077,UP,False,False Negative,预测跌但实际上涨,normal,0.5,1.0
9,2024-09-22,0688.HK,0.0866,DOWN,0.2838,UP,False,False Negative,预测跌但实际上涨,normal,0.5,0.9
9,2024-09-23,0688.HK,0.069,DOWN,0.1913,UP,False,False Negative,预测跌但实际上涨,normal,0.5,0.4
9,2024-09-24,0688.HK,0.0794,DOWN,0.1793,UP,False,False Negative,预测跌但实际上涨,normal,0.5,1.0
9,2024-09-25,0688.HK,0.032,DOWN,0.0615,UP,False,False Negative,预测跌但实际上涨,normal,0.5,0.5
9,2024-09-26,0688.HK,0.1085,DOWN,-0.0442,DOWN,True,True Negative,正确预测下跌,normal,0.5,0.9
9,2024-09-29,0688.HK,0.13,DOWN,-0.0716,DOWN,True,True Negative,正确预测下跌,normal,0.5,0.9
9,2024-09-01,1810.HK,0.0414,DOWN,0.2618,UP,False,False Negative,预测跌但实际上涨,unknown,0.5,0.5
9,2024-09-02,1810.HK,0.0446,DOWN,0.28,UP,False,False Negative,预测跌但实际上涨,extreme_bear,1.0,0.0
9,2024-09-03,1810.HK,0.1593,DOWN,0.3853,UP,False,False Negative,预测跌但实际上涨,normal,0.5,0.6
9,2024-09-04,1810.HK,0.2755,DOWN,0.2783,UP,False,False Negative,预测跌但实际上涨,extreme_bear,1.0,0.0
9,2024-09-08,1810.HK,0.219,DOWN,0.2513,UP,False,False Negative,预测跌但实际上涨,normal,0.5,0.6
9,2024-09-09,1810.HK,0.2458,DOWN,0.2728,UP,False,False Negative,预测跌但实际上涨,extreme_bear,1.0,0.1
9,2024-09-10,1810.HK,0.1849,DOWN,0.2447,UP,False,False Negative,预测跌但实际上涨,normal,0.5,0.5
9,2024-09-11,1810.HK,0.376,DOWN,0.2156,UP,False,False Negative,预测跌但实际上涨,bear,0.57,0.2
9,2024-09-12,1810.HK,0.2915,DOWN,0.1811,UP,False,False Negative,预测跌但实际上涨,normal,0.5,0.9
9,2024-09-15,1810.HK,0.2249,DOWN,0.2006,UP,False,False Negative,预测跌但实际上涨,normal,0.5,0.8
9,2024-09-16,1810.HK,0.209,DOWN,0.2577,UP,False,False Negative,预测跌但实际上涨,weak,0.54,0.3
9,2024-09-18,1810.HK,0.1716,DOWN,0.2247,UP,False,False Negative,预测跌但实际上涨,normal,0.5,1.0
9,2024-09-19,1810.HK,0.4005,DOWN,0.2299,UP,False,False Negative,预测跌但实际上涨,normal,0.5,1.0
9,2024-09-22,1810.HK,0.088,DOWN,0.2433,UP,False,False Negative,预测跌但实际上涨,normal,0.5,0.9
9,2024-09-23,1810.HK,0.0899,DOWN,0.191,UP,False,False Negative,预测跌但实际上涨,normal,0.5,0.4
9,2024-09-24,1810.HK,0.2007,DOWN,0.2628,UP,False,False Negative,预测跌但实际上涨,normal,0.5,1.0
9,2024-09-25,1810.HK,0.2183,DOWN,0.186,UP,False,False Negative,预测跌但实际上涨,normal,0.5,0.5
9,2024-09-26,1810.HK,0.1474,DOWN,0.1777,UP,False,False Negative,预测跌但实际上涨,normal,0.5,0.9
9,2024-09-29,1810.HK,0.0567,DOWN,0.1556,UP,False,False Negative,预测跌但实际上涨,normal,0.5,0.9
10,2024-10-01,0700.HK,0.5988,UP,-0.1391,DOWN,False,False Positive,预测涨但实际下跌,unknown,0.5,0.5
10,2024-10-02,0700.HK,0.8478,UP,-0.1008,DOWN,False,False Positive,预测涨但实际下跌,normal,0.5,0.9
10,2024-10-03,0700.HK,0.6177,UP,-0.1227,DOWN,False,False Positive,预测涨但实际下跌,bear,0.57,0.2
10,2024-10-06,0700.HK,0.1441,DOWN,-0.1058,DOWN,True,True Negative,正确预测下跌,normal,0.5,1.0
10,2024-10-07,0700.HK,0.5666,UP,-0.0429,DOWN,False,False Positive,预测涨但实际下跌,normal,0.5,0.8
10,2024-10-08,0700.HK,0.5135,UP,-0.0134,DOWN,False,False Positive,预测涨但实际下跌,extreme_bear,1.0,0.0
10,2024-10-09,0700.HK,0.5317,UP,-0.041,DOWN,False,False Positive,预测涨但实际下跌,extreme_bear,1.0,0.1
10,2024-10-13,0700.HK,0.2234,DOWN,-0.0523,DOWN,True,True Negative,正确预测下跌,normal,0.5,1.0
10,2024-10-14,0700.HK,0.8376,UP,-0.0317,DOWN,False,False Positive,预测涨但实际下跌,normal,0.5,0.5
10,2024-10-15,0700.HK,0.4129,DOWN,-0.0289,DOWN,True,True Negative,正确预测下跌,extreme_bear,1.0,0.0
10,2024-10-16,0700.HK,0.4842,DOWN,-0.0223,DOWN,True,True Negative,正确预测下跌,normal,0.5,0.4
10,2024-10-17,0700.HK,0.3335,DOWN,-0.0692,DOWN,True,True Negative,正确预测下跌,bear,0.57,0.2
10,2024-10-20,0700.HK,0.5155,UP,-0.0399,DOWN,False,False Positive,预测涨但实际下跌,normal,0.5,0.9
10,2024-10-21,0700.HK,0.4024,DOWN,-0.0365,DOWN,True,True Negative,正确预测下跌,extreme_bear,1.0,0.1
10,2024-10-22,0700.HK,0.2395,DOWN,-0.0406,DOWN,True,True Negative,正确预测下跌,normal,0.5,0.4
10,2024-10-23,0700.HK,0.231,DOWN,-0.0341,DOWN,True,True Negative,正确预测下跌,normal,0.5,0.8
10,2024-10-24,0700.HK,0.5263,UP,-0.0485,DOWN,False,False Positive,预测涨但实际下跌,weak,0.54,0.3
10,2024-10-27,0700.HK,0.5445,UP,-0.0527,DOWN,False,False Positive,预测涨但实际下跌,normal,0.5,0.6
10,2024-10-28,0700.HK,0.4766,DOWN,-0.0588,DOWN,True,True Negative,正确预测下跌,normal,0.5,0.4
10,2024-10-29,0700.HK,0.6725,UP,-0.02,DOWN,False,False Positive,预测涨但实际下跌,normal,0.5,0.5
10,2024-10-30,0700.HK,0.6805,UP,-0.0114,DOWN,False,False Positive,预测涨但实际下跌,weak,0.54,0.3
10,2024-10-01,0005.HK,0.7699,UP,0.0322,UP,True,True Positive,正确预测上涨,unknown,0.5,0.5
10,2024-10-02,0005.HK,0.9015,UP,0.0317,UP,True,True Positive,正确预测上涨,normal,0.5,0.9
10,2024-10-03,0005.HK,0.8839,UP,0.0279,UP,True,True Positive,正确预测上涨,bear,0.57,0.2
10,2024-10-06,0005.HK,0.7975,UP,0.0291,UP,True,True Positive,正确预测上涨,normal,0.5,1.0
10,2024-10-07,0005.HK,0.533,UP,0.057,UP,True,True Positive,正确预测上涨,normal,0.5,0.8
10,2024-10-08,0005.HK,0.6298,UP,0.0787,UP,True,True Positive,正确预测上涨,extreme_bear,1.0,0.0
10,2024-10-09,0005.HK,0.6701,UP,0.0591,UP,True,True Positive,正确预测上涨,extreme_bear,1.0,0.1
10,2024-10-13,0005.HK,0.5271,UP,0.0435,UP,True,True Positive,正确预测上涨,normal,0.5,1.0
10,2024-10-14,0005.HK,0.6803,UP,0.0385,UP,True,True Positive,正确预测上涨,normal,0.5,0.5
10,2024-10-15,0005.HK,0.4169,DOWN,0.037,UP,False,False Negative,预测跌但实际上涨,extreme_bear,1.0,0.0
10,2024-10-16,0005.HK,0.5326,UP,0.0287,UP,True,True Positive,正确预测上涨,normal,0.5,0.4
10,2024-10-17,0005.HK,0.4388,DOWN,0.0256,UP,False,False Negative,预测跌但实际上涨,bear,0.57,0.2
10,2024-10-20,0005.HK,0.6079,UP,0.0411,UP,True,True Positive,正确预测上涨,normal,0.5,0.9
10,2024-10-21,0005.HK,0.4964,DOWN,0.0612,UP,False,False Negative,预测跌但实际上涨,extreme_bear,1.0,0.1
10,2024-10-22,0005.HK,0.6606,UP,0.0513,UP,True,True Positive,正确预测上涨,normal,0.5,0.4
10,2024-10-23,0005.HK,0.701,UP,0.0484,UP,True,True Positive,正确预测上涨,normal,0.5,0.8
10,2024-10-24,0005.HK,0.8543,UP,0.0461,UP,True,True Positive,正确预测上涨,weak,0.54,0.3
10,2024-10-27,0005.HK,0.7795,UP,0.0409,UP,True,True Positive,正确预测上涨,normal,0.5,0.6
10,2024-10-28,0005.HK,0.6103,UP,0.0102,UP,True,True Positive,正确预测上涨,normal,0.5,0.4
10,2024-10-29,0005.HK,0.8188,UP,0.013,UP,True,True Positive,正确预测上涨,normal,0.5,0.5
10,2024-10-30,0005.HK,0.7608,UP,0.0109,UP,True,True Positive,正确预测上涨,weak,0.54,0.3
10,2024-10-01,2318.HK,0.3291,DOWN,-0.1493,DOWN,True,True Negative,正确预测下跌,unknown,0.5,0.5
10,2024-10-02,2318.HK,0.6572,UP,-0.1248,DOWN,False,False Positive,预测涨但实际下跌,normal,0.5,0.9
10,2024-10-03,2318.HK,0.6784,UP,-0.1614,DOWN,False,False Positive,预测涨但实际下跌,bear,0.57,0.2
10,2024-10-06,2318.HK,0.5819,UP,-0.1591,DOWN,False,False Positive,预测涨但实际下跌,normal,0.5,1.0
10,2024-10-07,2318.HK,0.5426,UP,-0.0318,DOWN,False,False Positive,预测涨但实际下跌,normal,0.5,0.8
10,2024-10-08,2318.HK,0.7487,UP,0.0748,UP,True,True Positive,正确预测上涨,extreme_bear,1.0,0.0
10,2024-10-09,2318.HK,0.8893,UP,-0.0216,DOWN,False,False Positive,预测涨但实际下跌,extreme_bear,1.0,0.1
10,2024-10-13,2318.HK,0.7642,UP,-0.0577,DOWN,False,False Positive,预测涨但实际下跌,normal,0.5,1.0
10,2024-10-14,2318.HK,0.8471,UP,-0.0526,DOWN,False,False Positive,预测涨但实际下跌,normal,0.5,0.5
10,2024-10-15,2318.HK,0.4954,DOWN,-0.0511,DOWN,True,True Negative,正确预测下跌,extreme_bear,1.0,0.0
10,2024-10-16,2318.HK,0.7198,UP,-0.0428,DOWN,False,False Positive,预测涨但实际下跌,normal,0.5,0.4
10,2024-10-17,2318.HK,0.5552,UP,-0.0871,DOWN,False,False Positive,预测涨但实际下跌,bear,0.57,0.2
10,2024-10-20,2318.HK,0.4295,DOWN,-0.0622,DOWN,True,True Negative,正确预测下跌,normal,0.5,0.9
10,2024-10-21,2318.HK,0.5652,UP,-0.0415,DOWN,False,False Positive,预测涨但实际下跌,extreme_bear,1.0,0.1
10,2024-10-22,2318.HK,0.6715,UP,-0.0567,DOWN,False,False Positive,预测涨但实际下跌,normal,0.5,0.4
10,2024-10-23,2318.HK,0.4542,DOWN,-0.0543,DOWN,True,True Negative,正确预测下跌,normal,0.5,0.8
10,2024-10-24,2318.HK,0.5334,UP,-0.0868,DOWN,False,False Positive,预测涨但实际下跌,weak,0.54,0.3
10,2024-10-27,2318.HK,0.2577,DOWN,-0.0931,DOWN,True,True Negative,正确预测下跌,normal,0.5,0.6
10,2024-10-28,2318.HK,0.4518,DOWN,-0.0929,DOWN,True,True Negative,正确预测下跌,normal,0.5,0.4
10,2024-10-29,2318.HK,0.1224,DOWN,-0.0428,DOWN,True,True Negative,正确预测下跌,normal,0.5,0.5
10,2024-10-30,2318.HK,0.2424,DOWN,-0.0696,DOWN,True,True Negative,正确预测下跌,weak,0.54,0.3
10,2024-10-01,1299.HK,0.3351,DOWN,-0.1489,DOWN,True,True Negative,正确预测下跌,unknown,0.5,0.5
10,2024-10-02,1299.HK,0.8276,UP,-0.1324,DOWN,False,False Positive,预测涨但实际下跌,normal,0.5,0.9
10,2024-10-03,1299.HK,0.4768,DOWN,-0.169,DOWN,True,True Negative,正确预测下跌,bear,0.57,0.2
10,2024-10-06,1299.HK,0.1445,DOWN,-0.131,DOWN,True,True Negative,正确预测下跌,normal,0.5,1.0
10,2024-10-07,1299.HK,0.7491,UP,-0.058,DOWN,False,False Positive,预测涨但实际下跌,normal,0.5,0.8
10,2024-10-08,1299.HK,0.6845,UP,-0.0507,DOWN,False,False Positive,预测涨但实际下跌,extreme_bear,1.0,0.0
10,2024-10-09,1299.HK,0.3833,DOWN,-0.0768,DOWN,True,True Negative,正确预测下跌,extreme_bear,1.0,0.1
10,2024-10-13,1299.HK,0.3618,DOWN,-0.0833,DOWN,True,True Negative,正确预测下跌,normal,0.5,1.0
10,2024-10-14,1299.HK,0.8054,UP,-0.0731,DOWN,False,False Positive,预测涨但实际下跌,normal,0.5,0.5
10,2024-10-15,1299.HK,0.432,DOWN,-0.0665,DOWN,True,True Negative,正确预测下跌,extreme_bear,1.0,0.0
10,2024-10-16,1299.HK,0.684,UP,-0.0744,DOWN,False,False Positive,预测涨但实际下跌,normal,0.5,0.4
10,2024-10-17,1299.HK,0.6427,UP,-0.1041,DOWN,False,False Positive,预测涨但实际下跌,bear,0.57,0.2
10,2024-10-20,1299.HK,0.4738,DOWN,-0.0806,DOWN,True,True Negative,正确预测下跌,normal,0.5,0.9
10,2024-10-21,1299.HK,0.6562,UP,-0.0684,DOWN,False,False Positive,预测涨但实际下跌,extreme_bear,1.0,0.1
10,2024-10-22,1299.HK,0.6883,UP,-0.0644,DOWN,False,False Positive,预测涨但实际下跌,normal,0.5,0.4
10,2024-10-23,1299.HK,0.5509,UP,-0.0816,DOWN,False,False Positive,预测涨但实际下跌,normal,0.5,0.8
10,2024-10-24,1299.HK,0.7247,UP,-0.1018,DOWN,False,False Positive,预测涨但实际下跌,weak,0.54,0.3
10,2024-10-27,1299.HK,0.479,DOWN,-0.095,DOWN,True,True Negative,正确预测下跌,normal,0.5,0.6
10,2024-10-28,1299.HK,0.7498,UP,-0.0864,DOWN,False,False Positive,预测涨但实际下跌,normal,0.5,0.4
10,2024-10-29,1299.HK,0.8149,UP,-0.0507,DOWN,False,False Positive,预测涨但实际下跌,normal,0.5,0.5
10,2024-10-30,1299.HK,0.6842,UP,-0.057,DOWN,False,False Positive,预测涨但实际下跌,weak,0.54,0.3
10,2024-10-01,9988.HK,0.2374,DOWN,-0.1785,DOWN,True,True Negative,正确预测下跌,unknown,0.5,0.5
10,2024-10-02,9988.HK,0.3025,DOWN,-0.1364,DOWN,True,True Negative,正确预测下跌,normal,0.5,0.9
10,2024-10-03,9988.HK,0.2297,DOWN,-0.1567,DOWN,True,True Negative,正确预测下跌,bear,0.57,0.2
10,2024-10-06,9988.HK,0.1066,DOWN,-0.1414,DOWN,True,True Negative,正确预测下跌,normal,0.5,1.0
10,2024-10-07,9988.HK,0.2621,DOWN,-0.0967,DOWN,True,True Negative,正确预测下跌,normal,0.5,0.8
10,2024-10-08,9988.HK,0.5933,UP,-0.0705,DOWN,False,False Positive,预测涨但实际下跌,extreme_bear,1.0,0.0
10,2024-10-09,9988.HK,0.4341,DOWN,-0.1115,DOWN,True,True Negative,正确预测下跌,extreme_bear,1.0,0.1
10,2024-10-13,9988.HK,0.5051,UP,-0.1055,DOWN,False,False Positive,预测涨但实际下跌,normal,0.5,1.0
10,2024-10-14,9988.HK,0.6466,UP,-0.0931,DOWN,False,False Positive,预测涨但实际下跌,normal,0.5,0.5
10,2024-10-15,9988.HK,0.5437,UP,-0.0849,DOWN,False,False Positive,预测涨但实际下跌,extreme_bear,1.0,0.0
10,2024-10-16,9988.HK,0.6391,UP,-0.1071,DOWN,False,False Positive,预测涨但实际下跌,normal,0.5,0.4
10,2024-10-17,9988.HK,0.7441,UP,-0.1323,DOWN,False,False Positive,预测涨但实际下跌,bear,0.57,0.2
10,2024-10-20,9988.HK,0.4501,DOWN,-0.1176,DOWN,True,True Negative,正确预测下跌,normal,0.5,0.9
10,2024-10-21,9988.HK,0.6211,UP,-0.1234,DOWN,False,False Positive,预测涨但实际下跌,extreme_bear,1.0,0.1
10,2024-10-22,9988.HK,0.6339,UP,-0.129,DOWN,False,False Positive,预测涨但实际下跌,normal,0.5,0.4
10,2024-10-23,9988.HK,0.5476,UP,-0.1036,DOWN,False,False Positive,预测涨但实际下跌,normal,0.5,0.8
10,2024-10-24,9988.HK,0.5568,UP,-0.1536,DOWN,False,False Positive,预测涨但实际下跌,weak,0.54,0.3
10,2024-10-27,9988.HK,0.2417,DOWN,-0.1521,DOWN,True,True Negative,正确预测下跌,normal,0.5,0.6
10,2024-10-28,9988.HK,0.7367,UP,-0.1456,DOWN,False,False Positive,预测涨但实际下跌,normal,0.5,0.4
10,2024-10-29,9988.HK,0.6505,UP,-0.1132,DOWN,False,False Positive,预测涨但实际下跌,normal,0.5,0.5
10,2024-10-30,9988.HK,0.6425,UP,-0.1179,DOWN,False,False Positive,预测涨但实际下跌,weak,0.54,0.3
10,2024-10-01,0388.HK,0.3357,DOWN,-0.1663,DOWN,True,True Negative,正确预测下跌,unknown,0.5,0.5
10,2024-10-02,0388.HK,0.612,UP,-0.1519,DOWN,False,False Positive,预测涨但实际下跌,normal,0.5,0.9
10,2024-10-03,0388.HK,0.486,DOWN,-0.1632,DOWN,True,True Negative,正确预测下跌,bear,0.57,0.2
10,2024-10-06,0388.HK,0.5593,UP,-0.161,DOWN,False,False Positive,预测涨但实际下跌,normal,0.5,1.0
10,2024-10-07,0388.HK,0.7381,UP,-0.0552,DOWN,False,False Positive,预测涨但实际下跌,normal,0.5,0.8
10,2024-10-08,0388.HK,0.7885,UP,0.0379,UP,True,True Positive,正确预测上涨,extreme_bear,1.0,0.0
10,2024-10-09,0388.HK,0.6227,UP,0.0156,UP,True,True Positive,正确预测上涨,extreme_bear,1.0,0.1
10,2024-10-13,0388.HK,0.7231,UP,0.0105,UP,True,True Positive,正确预测上涨,normal,0.5,1.0
10,2024-10-14,0388.HK,0.7894,UP,0.0216,UP,True,True Positive,正确预测上涨,normal,0.5,0.5
10,2024-10-15,0388.HK,0.7113,UP,0.0124,UP,True,True Positive,正确预测上涨,extreme_bear,1.0,0.0
10,2024-10-16,0388.HK,0.6859,UP,0.016,UP,True,True Positive,正确预测上涨,normal,0.5,0.4
10,2024-10-17,0388.HK,0.5134,UP,-0.0549,DOWN,False,False Positive,预测涨但实际下跌,bear,0.57,0.2
10,2024-10-20,0388.HK,0.7153,UP,-0.0391,DOWN,False,False Positive,预测涨但实际下跌,normal,0.5,0.9
10,2024-10-21,0388.HK,0.5392,UP,-0.0341,DOWN,False,False Positive,预测涨但实际下跌,extreme_bear,1.0,0.1
10,2024-10-22,0388.HK,0.5483,UP,-0.0426,DOWN,False,False Positive,预测涨但实际下跌,normal,0.5,0.4
10,2024-10-23,0388.HK,0.6196,UP,-0.0424,DOWN,False,False Positive,预测涨但实际下跌,normal,0.5,0.8
10,2024-10-24,0388.HK,0.7356,UP,-0.0863,DOWN,False,False Positive,预测涨但实际下跌,weak,0.54,0.3
10,2024-10-27,0388.HK,0.5384,UP,-0.0925,DOWN,False,False Positive,预测涨但实际下跌,normal,0.5,0.6
10,2024-10-28,0388.HK,0.5086,UP,-0.0933,DOWN,False,False Positive,预测涨但实际下跌,normal,0.5,0.4
10,2024-10-29,0388.HK,0.5534,UP,-0.0608,DOWN,False,False Positive,预测涨但实际下跌,normal,0.5,0.5
10,2024-10-30,0388.HK,0.3226,DOWN,-0.0746,DOWN,True,True Negative,正确预测下跌,weak,0.54,0.3
10,2024-10-01,0883.HK,0.8958,UP,-0.1088,DOWN,False,False Positive,预测涨但实际下跌,unknown,0.5,0.5
10,2024-10-02,0883.HK,0.8417,UP,-0.1206,DOWN,False,False Positive,预测涨但实际下跌,normal,0.5,0.9
10,2024-10-03,0883.HK,0.7021,UP,-0.1592,DOWN,False,False Positive,预测涨但实际下跌,bear,0.57,0.2
10,2024-10-06,0883.HK,0.4061,DOWN,-0.1655,DOWN,True,True Negative,正确预测下跌,normal,0.5,1.0
10,2024-10-07,0883.HK,0.5285,UP,-0.1184,DOWN,False,False Positive,预测涨但实际下跌,normal,0.5,0.8
10,2024-10-08,0883.HK,0.8204,UP,-0.0653,DOWN,False,False Positive,预测涨但实际下跌,extreme_bear,1.0,0.0
10,2024-10-09,0883.HK,0.4938,DOWN,-0.1164,DOWN,True,True Negative,正确预测下跌,extreme_bear,1.0,0.1
10,2024-10-13,0883.HK,0.3186,DOWN,-0.1414,DOWN,True,True Negative,正确预测下跌,normal,0.5,1.0
10,2024-10-14,0883.HK,0.7968,UP,-0.1223,DOWN,False,False Positive,预测涨但实际下跌,normal,0.5,0.5
10,2024-10-15,0883.HK,0.7179,UP,-0.1089,DOWN,False,False Positive,预测涨但实际下跌,extreme_bear,1.0,0.0
10,2024-10-16,0883.HK,0.6066,UP,-0.1208,DOWN,False,False Positive,预测涨但实际下跌,normal,0.5,0.4
10,2024-10-17,0883.HK,0.6294,UP,-0.1157,DOWN,False,False Positive,预测涨但实际下跌,bear,0.57,0.2
10,2024-10-20,0883.HK,0.6369,UP,-0.0917,DOWN,False,False Positive,预测涨但实际下跌,normal,0.5,0.9
10,2024-10-21,0883.HK,0.6638,UP,-0.0853,DOWN,False,False Positive,预测涨但实际下跌,extreme_bear,1.0,0.1
10,2024-10-22,0883.HK,0.5478,UP,-0.0924,DOWN,False,False Positive,预测涨但实际下跌,normal,0.5,0.4
10,2024-10-23,0883.HK,0.5681,UP,-0.0997,DOWN,False,False Positive,预测涨但实际下跌,normal,0.5,0.8
10,2024-10-24,0883.HK,0.6692,UP,-0.0983,DOWN,False,False Positive,预测涨但实际下跌,weak,0.54,0.3
10,2024-10-27,0883.HK,0.577,UP,-0.0738,DOWN,False,False Positive,预测涨但实际下跌,normal,0.5,0.6
10,2024-10-28,0883.HK,0.6671,UP,-0.0706,DOWN,False,False Positive,预测涨但实际下跌,normal,0.5,0.4
10,2024-10-29,0883.HK,0.7354,UP,-0.0422,DOWN,False,False Positive,预测涨但实际下跌,normal,0.5,0.5
10,2024-10-30,0883.HK,0.6718,UP,-0.0627,DOWN,False,False Positive,预测涨但实际下跌,weak,0.54,0.3
10,2024-10-01,1398.HK,0.4065,DOWN,-0.0372,DOWN,True,True Negative,正确预测下跌,unknown,0.5,0.5
10,2024-10-02,1398.HK,0.6755,UP,-0.0125,DOWN,False,False Positive,预测涨但实际下跌,normal,0.5,0.9
10,2024-10-03,1398.HK,0.5915,UP,-0.0083,DOWN,False,False Positive,预测涨但实际下跌,bear,0.57,0.2
10,2024-10-06,1398.HK,0.4834,DOWN,0.0062,UP,False,False Negative,预测跌但实际上涨,normal,0.5,1.0
10,2024-10-07,1398.HK,0.6205,UP,0.0281,UP,True,True Positive,正确预测上涨,normal,0.5,0.8
10,2024-10-08,1398.HK,0.8335,UP,0.0817,UP,True,True Positive,正确预测上涨,extreme_bear,1.0,0.0
10,2024-10-09,1398.HK,0.6477,UP,0.0428,UP,True,True Positive,正确预测上涨,extreme_bear,1.0,0.1
10,2024-10-13,1398.HK,0.4578,DOWN,-0.0124,DOWN,True,True Negative,正确预测下跌,normal,0.5,1.0
10,2024-10-14,1398.HK,0.708,UP,-0.0127,DOWN,False,False Positive,预测涨但实际下跌,normal,0.5,0.5
10,2024-10-15,1398.HK,0.5102,UP,-0.0273,DOWN,False,False Positive,预测涨但实际下跌,extreme_bear,1.0,0.0
10,2024-10-16,1398.HK,0.6583,UP,-0.0191,DOWN,False,False Positive,预测涨但实际下跌,normal,0.5,0.4
10,2024-10-17,1398.HK,0.6082,UP,-0.0397,DOWN,False,False Positive,预测涨但实际下跌,bear,0.57,0.2
10,2024-10-20,1398.HK,0.5319,UP,0.0107,UP,True,True Positive,正确预测上涨,normal,0.5,0.9
10,2024-10-21,1398.HK,0.6503,UP,0.0085,UP,True,True Positive,正确预测上涨,extreme_bear,1.0,0.1
10,2024-10-22,1398.HK,0.6134,UP,-0.0084,DOWN,False,False Positive,预测涨但实际下跌,normal,0.5,0.4
10,2024-10-23,1398.HK,0.6536,UP,-0.021,DOWN,False,False Positive,预测涨但实际下跌,normal,0.5,0.8
10,2024-10-24,1398.HK,0.667,UP,-0.0338,DOWN,False,False Positive,预测涨但实际下跌,weak,0.54,0.3
10,2024-10-27,1398.HK,0.4838,DOWN,-0.0255,DOWN,True,True Negative,正确预测下跌,normal,0.5,0.6
10,2024-10-28,1398.HK,0.625,UP,-0.0277,DOWN,False,False Positive,预测涨但实际下跌,normal,0.5,0.4
10,2024-10-29,1398.HK,0.838,UP,0.0,DOWN,False,False Positive,预测涨但实际下跌,normal,0.5,0.5
10,2024-10-30,1398.HK,0.796,UP,-0.0236,DOWN,False,False Positive,预测涨但实际下跌,weak,0.54,0.3
10,2024-10-01,0688.HK,0.1003,DOWN,-0.1889,DOWN,True,True Negative,正确预测下跌,unknown,0.5,0.5
10,2024-10-02,0688.HK,0.1263,DOWN,-0.1163,DOWN,True,True Negative,正确预测下跌,normal,0.5,0.9
10,2024-10-03,0688.HK,0.1535,DOWN,-0.1333,DOWN,True,True Negative,正确预测下跌,bear,0.57,0.2
10,2024-10-06,0688.HK,0.0883,DOWN,-0.1222,DOWN,True,True Negative,正确预测下跌,normal,0.5,1.0
10,2024-10-07,0688.HK,0.5218,UP,0.036,UP,True,True Positive,正确预测上涨,normal,0.5,0.8
10,2024-10-08,0688.HK,0.6346,UP,0.1083,UP,True,True Positive,正确预测上涨,extreme_bear,1.0,0.0
10,2024-10-09,0688.HK,0.3852,DOWN,0.0336,UP,False,False Negative,预测跌但实际上涨,extreme_bear,1.0,0.1
10,2024-10-13,0688.HK,0.3496,DOWN,-0.0638,DOWN,True,True Negative,正确预测下跌,normal,0.5,1.0
10,2024-10-14,0688.HK,0.5392,UP,-0.0389,DOWN,False,False Positive,预测涨但实际下跌,normal,0.5,0.5
10,2024-10-15,0688.HK,0.3998,DOWN,-0.0724,DOWN,True,True Negative,正确预测下跌,extreme_bear,1.0,0.0
10,2024-10-16,0688.HK,0.3124,DOWN,-0.0429,DOWN,True,True Negative,正确预测下跌,normal,0.5,0.4
10,2024-10-17,0688.HK,0.3619,DOWN,-0.0838,DOWN,True,True Negative,正确预测下跌,bear,0.57,0.2
10,2024-10-20,0688.HK,0.2813,DOWN,-0.1067,DOWN,True,True Negative,正确预测下跌,normal,0.5,0.9
10,2024-10-21,0688.HK,0.2774,DOWN,-0.1098,DOWN,True,True Negative,正确预测下跌,extreme_bear,1.0,0.1
10,2024-10-22,0688.HK,0.1941,DOWN,-0.0934,DOWN,True,True Negative,正确预测下跌,normal,0.5,0.4
10,2024-10-23,0688.HK,0.2798,DOWN,-0.081,DOWN,True,True Negative,正确预测下跌,normal,0.5,0.8
10,2024-10-24,0688.HK,0.4155,DOWN,-0.0986,DOWN,True,True Negative,正确预测下跌,weak,0.54,0.3
10,2024-10-27,0688.HK,0.2723,DOWN,-0.1368,DOWN,True,True Negative,正确预测下跌,normal,0.5,0.6
10,2024-10-28,0688.HK,0.4604,DOWN,-0.106,DOWN,True,True Negative,正确预测下跌,normal,0.5,0.4
10,2024-10-29,0688.HK,0.3913,DOWN,-0.092,DOWN,True,True Negative,正确预测下跌,normal,0.5,0.5
10,2024-10-30,0688.HK,0.2297,DOWN,-0.1063,DOWN,True,True Negative,正确预测下跌,weak,0.54,0.3
10,2024-10-01,1810.HK,0.4992,DOWN,0.1125,UP,False,False Negative,预测跌但实际上涨,unknown,0.5,0.5
10,2024-10-02,1810.HK,0.7846,UP,0.1351,UP,True,True Positive,正确预测上涨,normal,0.5,0.9
10,2024-10-03,1810.HK,0.5398,UP,0.112,UP,True,True Positive,正确预测上涨,bear,0.57,0.2
10,2024-10-06,1810.HK,0.1802,DOWN,0.0909,UP,False,False Negative,预测跌但实际上涨,normal,0.5,1.0
10,2024-10-07,1810.HK,0.2327,DOWN,0.1646,UP,False,False Negative,预测跌但实际上涨,normal,0.5,0.8
10,2024-10-08,1810.HK,0.62,UP,0.1953,UP,True,True Positive,正确预测上涨,extreme_bear,1.0,0.0
10,2024-10-09,1810.HK,0.297,DOWN,0.1916,UP,False,False Negative,预测跌但实际上涨,extreme_bear,1.0,0.1
10,2024-10-13,1810.HK,0.2972,DOWN,0.2415,UP,False,False Negative,预测跌但实际上涨,normal,0.5,1.0
10,2024-10-14,1810.HK,0.5129,UP,0.237,UP,True,True Positive,正确预测上涨,normal,0.5,0.5
10,2024-10-15,1810.HK,0.3576,DOWN,0.2731,UP,False,False Negative,预测跌但实际上涨,extreme_bear,1.0,0.0
10,2024-10-16,1810.HK,0.4376,DOWN,0.2056,UP,False,False Negative,预测跌但实际上涨,normal,0.5,0.4
10,2024-10-17,1810.HK,0.1948,DOWN,0.1405,UP,False,False Negative,预测跌但实际上涨,bear,0.57,0.2
10,2024-10-20,1810.HK,0.2384,DOWN,0.1876,UP,False,False Negative,预测跌但实际上涨,normal,0.5,0.9
10,2024-10-21,1810.HK,0.2859,DOWN,0.1575,UP,False,False Negative,预测跌但实际上涨,extreme_bear,1.0,0.1
10,2024-10-22,1810.HK,0.1769,DOWN,0.0959,UP,False,False Negative,预测跌但实际上涨,normal,0.5,0.4
10,2024-10-23,1810.HK,0.2123,DOWN,0.1149,UP,False,False Negative,预测跌但实际上涨,normal,0.5,0.8
10,2024-10-24,1810.HK,0.3917,DOWN,0.1002,UP,False,False Negative,预测跌但实际上涨,weak,0.54,0.3
10,2024-10-27,1810.HK,0.1714,DOWN,0.1137,UP,False,False Negative,预测跌但实际上涨,normal,0.5,0.6
10,2024-10-28,1810.HK,0.2508,DOWN,0.0522,UP,False,False Negative,预测跌但实际上涨,normal,0.5,0.4
10,2024-10-29,1810.HK,0.4154,DOWN,0.0885,UP,False,False Negative,预测跌但实际上涨,normal,0.5,0.5
10,2024-10-30,1810.HK,0.1876,DOWN,0.0431,UP,False,False Negative,预测跌但实际上涨,weak,0.54,0.3
11,2024-11-03,0700.HK,0.5115,UP,-0.0458,DOWN,False,False Positive,预测涨但实际下跌,unknown,0.5,0.5
11,2024-11-04,0700.HK,0.4337,DOWN,-0.0547,DOWN,True,True Negative,正确预测下跌,normal,0.5,0.4
11,2024-11-05,0700.HK,0.5518,UP,-0.0395,DOWN,False,False Positive,预测涨但实际下跌,normal,0.5,1.0
11,2024-11-06,0700.HK,0.4569,DOWN,-0.0542,DOWN,True,True Negative,正确预测下跌,extreme_bear,1.0,0.0
11,2024-11-07,0700.HK,0.4781,DOWN,-0.0195,DOWN,True,True Negative,正确预测下跌,normal,0.5,1.0
11,2024-11-10,0700.HK,0.3869,DOWN,0.0136,UP,False,False Negative,预测跌但实际上涨,weak,0.54,0.3
11,2024-11-11,0700.HK,0.6421,UP,0.0183,UP,True,True Positive,正确预测上涨,bear,0.57,0.2
11,2024-11-12,0700.HK,0.3689,DOWN,0.0149,UP,False,False Negative,预测跌但实际上涨,extreme_bear,1.0,0.0
11,2024-11-13,0700.HK,0.6303,UP,0.0302,UP,True,True Positive,正确预测上涨,normal,0.5,0.4
11,2024-11-14,0700.HK,0.5839,UP,0.0219,UP,True,True Positive,正确预测上涨,extreme_bear,1.0,0.0
11,2024-11-17,0700.HK,0.5509,UP,0.0035,UP,True,True Positive,正确预测上涨,weak,0.54,0.3
11,2024-11-18,0700.HK,0.7347,UP,-0.0089,DOWN,False,False Positive,预测涨但实际下跌,normal,0.5,0.7
11,2024-11-19,0700.HK,0.7119,UP,-0.0117,DOWN,False,False Positive,预测涨但实际下跌,normal,0.5,0.7
11,2024-11-20,0700.HK,0.7135,UP,0.0186,UP,True,True Positive,正确预测上涨,normal,0.5,0.5
11,2024-11-21,0700.HK,0.851,UP,0.0644,UP,True,True Positive,正确预测上涨,bear,0.57,0.2
11,2024-11-24,0700.HK,0.8154,UP,0.0633,UP,True,True Positive,正确预测上涨,extreme_bear,1.0,0.1
11,2024-11-25,0700.HK,0.855,UP,0.0665,UP,True,True Positive,正确预测上涨,weak,0.54,0.3
11,2024-11-26,0700.HK,0.8189,UP,0.0362,UP,True,True Positive,正确预测上涨,normal,0.5,0.5
11,2024-11-27,0700.HK,0.7703,UP,0.0475,UP,True,True Positive,正确预测上涨,normal,0.5,1.0
11,2024-11-28,0700.HK,0.5139,UP,0.0548,UP,True,True Positive,正确预测上涨,extreme_bear,1.0,0.1
11,2024-11-03,0005.HK,0.6224,UP,0.0193,UP,True,True Positive,正确预测上涨,unknown,0.5,0.5
11,2024-11-04,0005.HK,0.9002,UP,0.0262,UP,True,True Positive,正确预测上涨,normal,0.5,0.4
11,2024-11-05,0005.HK,0.9232,UP,0.0283,UP,True,True Positive,正确预测上涨,normal,0.5,1.0
11,2024-11-06,0005.HK,0.9486,UP,0.0194,UP,True,True Positive,正确预测上涨,extreme_bear,1.0,0.0
11,2024-11-07,0005.HK,0.9809,UP,0.0441,UP,True,True Positive,正确预测上涨,normal,0.5,1.0
11,2024-11-10,0005.HK,0.9095,UP,0.0554,UP,True,True Positive,正确预测上涨,weak,0.54,0.3
11,2024-11-11,0005.HK,0.8852,UP,0.0684,UP,True,True Positive,正确预测上涨,bear,0.57,0.2
11,2024-11-12,0005.HK,0.8714,UP,0.0713,UP,True,True Positive,正确预测上涨,extreme_bear,1.0,0.0
11,2024-11-13,0005.HK,0.9034,UP,0.0832,UP,True,True Positive,正确预测上涨,normal,0.5,0.4
11,2024-11-14,0005.HK,0.9127,UP,0.0703,UP,True,True Positive,正确预测上涨,extreme_bear,1.0,0.0
11,2024-11-17,0005.HK,0.4503,DOWN,0.0631,UP,False,False Negative,预测跌但实际上涨,weak,0.54,0.3
11,2024-11-18,0005.HK,0.7625,UP,0.0495,UP,True,True Positive,正确预测上涨,normal,0.5,0.7
11,2024-11-19,0005.HK,0.8267,UP,0.0482,UP,True,True Positive,正确预测上涨,normal,0.5,0.7
11,2024-11-20,0005.HK,0.733,UP,0.0428,UP,True,True Positive,正确预测上涨,normal,0.5,0.5
11,2024-11-21,0005.HK,0.6161,UP,0.04,UP,True,True Positive,正确预测上涨,bear,0.57,0.2
11,2024-11-24,0005.HK,0.2216,DOWN,0.0541,UP,False,False Negative,预测跌但实际上涨,extreme_bear,1.0,0.1
11,2024-11-25,0005.HK,0.5316,UP,0.0496,UP,True,True Positive,正确预测上涨,weak,0.54,0.3
11,2024-11-26,0005.HK,0.4158,DOWN,0.0451,UP,False,False Negative,预测跌但实际上涨,normal,0.5,0.5
11,2024-11-27,0005.HK,0.4662,DOWN,0.0499,UP,False,False Negative,预测跌但实际上涨,normal,0.5,1.0
11,2024-11-28,0005.HK,0.2431,DOWN,0.0455,UP,False,False Negative,预测跌但实际上涨,extreme_bear,1.0,0.1
11,2024-11-03,2318.HK,0.0463,DOWN,-0.0572,DOWN,True,True Negative,正确预测下跌,unknown,0.5,0.5
11,2024-11-04,2318.HK,0.1279,DOWN,-0.0807,DOWN,True,True Negative,正确预测下跌,normal,0.5,0.4
11,2024-11-05,2318.HK,0.0934,DOWN,-0.0514,DOWN,True,True Negative,正确预测下跌,normal,0.5,1.0
11,2024-11-06,2318.HK,0.0155,DOWN,-0.1169,DOWN,True,True Negative,正确预测下跌,extreme_bear,1.0,0.0
11,2024-11-07,2318.HK,0.0442,DOWN,-0.0631,DOWN,True,True Negative,正确预测下跌,normal,0.5,1.0
11,2024-11-10,2318.HK,0.0254,DOWN,0.0073,UP,False,False Negative,预测跌但实际上涨,weak,0.54,0.3
11,2024-11-11,2318.HK,0.1611,DOWN,0.0468,UP,False,False Negative,预测跌但实际上涨,bear,0.57,0.2
11,2024-11-12,2318.HK,0.0526,DOWN,0.0118,UP,False,False Negative,预测跌但实际上涨,extreme_bear,1.0,0.0
11,2024-11-13,2318.HK,0.1489,DOWN,0.0414,UP,False,False Negative,预测跌但实际上涨,normal,0.5,0.4
11,2024-11-14,2318.HK,0.2988,DOWN,0.0164,UP,False,False Negative,预测跌但实际上涨,extreme_bear,1.0,0.0
11,2024-11-17,2318.HK,0.2167,DOWN,-0.0043,DOWN,True,True Negative,正确预测下跌,weak,0.54,0.3
11,2024-11-18,2318.HK,0.3445,DOWN,-0.0141,DOWN,True,True Negative,正确预测下跌,normal,0.5,0.7
11,2024-11-19,2318.HK,0.3367,DOWN,-0.0139,DOWN,True,True Negative,正确预测下跌,normal,0.5,0.7
11,2024-11-20,2318.HK,0.2631,DOWN,-0.0098,DOWN,True,True Negative,正确预测下跌,normal,0.5,0.5
11,2024-11-21,2318.HK,0.5251,UP,0.0168,UP,True,True Positive,正确预测上涨,bear,0.57,0.2
11,2024-11-24,2318.HK,0.633,UP,0.0463,UP,True,True Positive,正确预测上涨,extreme_bear,1.0,0.1
11,2024-11-25,2318.HK,0.6564,UP,0.0495,UP,True,True Positive,正确预测上涨,weak,0.54,0.3
11,2024-11-26,2318.HK,0.4278,DOWN,0.0109,UP,False,False Negative,预测跌但实际上涨,normal,0.5,0.5
11,2024-11-27,2318.HK,0.2,DOWN,0.0346,UP,False,False Negative,预测跌但实际上涨,normal,0.5,1.0
11,2024-11-28,2318.HK,0.2632,DOWN,0.029,UP,False,False Negative,预测跌但实际上涨,extreme_bear,1.0,0.1
11,2024-11-03,1299.HK,0.1491,DOWN,-0.0654,DOWN,True,True Negative,正确预测下跌,unknown,0.5,0.5
11,2024-11-04,1299.HK,0.4712,DOWN,-0.0726,DOWN,True,True Negative,正确预测下跌,normal,0.5,0.4
11,2024-11-05,1299.HK,0.7763,UP,-0.0566,DOWN,False,False Positive,预测涨但实际下跌,normal,0.5,1.0
11,2024-11-06,1299.HK,0.5912,UP,-0.0841,DOWN,False,False Positive,预测涨但实际下跌,extreme_bear,1.0,0.0
11,2024-11-07,1299.HK,0.8299,UP,-0.071,DOWN,False,False Positive,预测涨但实际下跌,normal,0.5,1.0
11,2024-11-10,1299.HK,0.7347,UP,-0.0388,DOWN,False,False Positive,预测涨但实际下跌,weak,0.54,0.3
11,2024-11-11,1299.HK,0.8613,UP,0.0051,UP,True,True Positive,正确预测上涨,bear,0.57,0.2
11,2024-11-12,1299.HK,0.6905,UP,-0.0144,DOWN,False,False Positive,预测涨但实际下跌,extreme_bear,1.0,0.0
11,2024-11-13,1299.HK,0.9044,UP,-0.0009,DOWN,False,False Positive,预测涨但实际下跌,normal,0.5,0.4
11,2024-11-14,1299.HK,0.9051,UP,-0.0053,DOWN,False,False Positive,预测涨但实际下跌,extreme_bear,1.0,0.0
11,2024-11-17,1299.HK,0.9148,UP,-0.0333,DOWN,False,False Positive,预测涨但实际下跌,weak,0.54,0.3
11,2024-11-18,1299.HK,0.9161,UP,-0.0437,DOWN,False,False Positive,预测涨但实际下跌,normal,0.5,0.7
11,2024-11-19,1299.HK,0.791,UP,-0.0392,DOWN,False,False Positive,预测涨但实际下跌,normal,0.5,0.7
11,2024-11-20,1299.HK,0.8775,UP,-0.0396,DOWN,False,False Positive,预测涨但实际下跌,normal,0.5,0.5
11,2024-11-21,1299.HK,0.8919,UP,-0.0292,DOWN,False,False Positive,预测涨但实际下跌,bear,0.57,0.2
11,2024-11-24,1299.HK,0.776,UP,-0.0212,DOWN,False,False Positive,预测涨但实际下跌,extreme_bear,1.0,0.1
11,2024-11-25,1299.HK,0.6948,UP,-0.0061,DOWN,False,False Positive,预测涨但实际下跌,weak,0.54,0.3
11,2024-11-26,1299.HK,0.5911,UP,-0.031,DOWN,False,False Positive,预测涨但实际下跌,normal,0.5,0.5
11,2024-11-27,1299.HK,0.469,DOWN,-0.0285,DOWN,True,True Negative,正确预测下跌,normal,0.5,1.0
11,2024-11-28,1299.HK,0.4806,DOWN,-0.0327,DOWN,True,True Negative,正确预测下跌,extreme_bear,1.0,0.1
11,2024-11-03,9988.HK,0.3481,DOWN,-0.1255,DOWN,True,True Negative,正确预测下跌,unknown,0.5,0.5
11,2024-11-04,9988.HK,0.5772,UP,-0.1418,DOWN,False,False Positive,预测涨但实际下跌,normal,0.5,0.4
11,2024-11-05,9988.HK,0.6695,UP,-0.1102,DOWN,False,False Positive,预测涨但实际下跌,normal,0.5,1.0
11,2024-11-06,9988.HK,0.5931,UP,-0.1432,DOWN,False,False Positive,预测涨但实际下跌,extreme_bear,1.0,0.0
11,2024-11-07,9988.HK,0.7833,UP,-0.1069,DOWN,False,False Positive,预测涨但实际下跌,normal,0.5,1.0
11,2024-11-10,9988.HK,0.7874,UP,-0.0765,DOWN,False,False Positive,预测涨但实际下跌,weak,0.54,0.3
11,2024-11-11,9988.HK,0.8886,UP,-0.0436,DOWN,False,False Positive,预测涨但实际下跌,bear,0.57,0.2
11,2024-11-12,9988.HK,0.8059,UP,-0.048,DOWN,False,False Positive,预测涨但实际下跌,extreme_bear,1.0,0.0
11,2024-11-13,9988.HK,0.9361,UP,0.0006,UP,True,True Positive,正确预测上涨,normal,0.5,0.4
11,2024-11-14,9988.HK,0.9623,UP,-0.0166,DOWN,False,False Positive,预测涨但实际下跌,extreme_bear,1.0,0.0
11,2024-11-17,9988.HK,0.7987,UP,-0.0226,DOWN,False,False Positive,预测涨但实际下跌,weak,0.54,0.3
11,2024-11-18,9988.HK,0.9399,UP,-0.0217,DOWN,False,False Positive,预测涨但实际下跌,normal,0.5,0.7
11,2024-11-19,9988.HK,0.9343,UP,-0.0083,DOWN,False,False Positive,预测涨但实际下跌,normal,0.5,0.7
11,2024-11-20,9988.HK,0.9611,UP,-0.0172,DOWN,False,False Positive,预测涨但实际下跌,normal,0.5,0.5
11,2024-11-21,9988.HK,0.9765,UP,-0.0074,DOWN,False,False Positive,预测涨但实际下跌,bear,0.57,0.2
11,2024-11-24,9988.HK,0.9143,UP,-0.0116,DOWN,False,False Positive,预测涨但实际下跌,extreme_bear,1.0,0.1
11,2024-11-25,9988.HK,0.9678,UP,0.0012,UP,True,True Positive,正确预测上涨,weak,0.54,0.3
11,2024-11-26,9988.HK,0.8899,UP,-0.0312,DOWN,False,False Positive,预测涨但实际下跌,normal,0.5,0.5
11,2024-11-27,9988.HK,0.9209,UP,-0.0168,DOWN,False,False Positive,预测涨但实际下跌,normal,0.5,1.0
11,2024-11-28,9988.HK,0.8199,UP,-0.0096,DOWN,False,False Positive,预测涨但实际下跌,extreme_bear,1.0,0.1
11,2024-11-03,0388.HK,0.2492,DOWN,-0.0731,DOWN,True,True Negative,正确预测下跌,unknown,0.5,0.5
11,2024-11-04,0388.HK,0.5293,UP,-0.1108,DOWN,False,False Positive,预测涨但实际下跌,normal,0.5,0.4
11,2024-11-05,0388.HK,0.2393,DOWN,-0.0919,DOWN,True,True Negative,正确预测下跌,normal,0.5,1.0
11,2024-11-06,0388.HK,0.102,DOWN,-0.1299,DOWN,True,True Negative,正确预测下跌,extreme_bear,1.0,0.0
11,2024-11-07,0388.HK,0.0844,DOWN,-0.132,DOWN,True,True Negative,正确预测下跌,normal,0.5,1.0
11,2024-11-10,0388.HK,0.044,DOWN,-0.0442,DOWN,True,True Negative,正确预测下跌,weak,0.54,0.3
11,2024-11-11,0388.HK,0.2297,DOWN,-0.0128,DOWN,True,True Negative,正确预测下跌,bear,0.57,0.2
11,2024-11-12,0388.HK,0.0783,DOWN,-0.0103,DOWN,True,True Negative,正确预测下跌,extreme_bear,1.0,0.0
11,2024-11-13,0388.HK,0.228,DOWN,0.019,UP,False,False Negative,预测跌但实际上涨,normal,0.5,0.4
11,2024-11-14,0388.HK,0.3075,DOWN,0.0113,UP,False,False Negative,预测跌但实际上涨,extreme_bear,1.0,0.0
11,2024-11-17,0388.HK,0.1308,DOWN,-0.0067,DOWN,True,True Negative,正确预测下跌,weak,0.54,0.3
11,2024-11-18,0388.HK,0.3517,DOWN,0.0007,UP,False,False Negative,预测跌但实际上涨,normal,0.5,0.7
11,2024-11-19,0388.HK,0.3345,DOWN,-0.004,DOWN,True,True Negative,正确预测下跌,normal,0.5,0.7
11,2024-11-20,0388.HK,0.1835,DOWN,0.0013,UP,False,False Negative,预测跌但实际上涨,normal,0.5,0.5
11,2024-11-21,0388.HK,0.3505,DOWN,0.0357,UP,False,False Negative,预测跌但实际上涨,bear,0.57,0.2
11,2024-11-24,0388.HK,0.2034,DOWN,0.0464,UP,False,False Negative,预测跌但实际上涨,extreme_bear,1.0,0.1
11,2024-11-25,0388.HK,0.4853,DOWN,0.0585,UP,False,False Negative,预测跌但实际上涨,weak,0.54,0.3
11,2024-11-26,0388.HK,0.2748,DOWN,0.0227,UP,False,False Negative,预测跌但实际上涨,normal,0.5,0.5
11,2024-11-27,0388.HK,0.1775,DOWN,0.0257,UP,False,False Negative,预测跌但实际上涨,normal,0.5,1.0
11,2024-11-28,0388.HK,0.114,DOWN,0.0186,UP,False,False Negative,预测跌但实际上涨,extreme_bear,1.0,0.1
11,2024-11-03,0883.HK,0.3787,DOWN,-0.0585,DOWN,True,True Negative,正确预测下跌,unknown,0.5,0.5
11,2024-11-04,0883.HK,0.4189,DOWN,-0.0543,DOWN,True,True Negative,正确预测下跌,normal,0.5,0.4
11,2024-11-05,0883.HK,0.7565,UP,-0.0078,DOWN,False,False Positive,预测涨但实际下跌,normal,0.5,1.0
11,2024-11-06,0883.HK,0.8823,UP,-0.0222,DOWN,False,False Positive,预测涨但实际下跌,extreme_bear,1.0,0.0
11,2024-11-07,0883.HK,0.9179,UP,-0.0023,DOWN,False,False Positive,预测涨但实际下跌,normal,0.5,1.0
11,2024-11-10,0883.HK,0.7553,UP,0.0428,UP,True,True Positive,正确预测上涨,weak,0.54,0.3
11,2024-11-11,0883.HK,0.6102,UP,0.0472,UP,True,True Positive,正确预测上涨,bear,0.57,0.2
11,2024-11-12,0883.HK,0.6127,UP,0.0494,UP,True,True Positive,正确预测上涨,extreme_bear,1.0,0.0
11,2024-11-13,0883.HK,0.788,UP,0.0741,UP,True,True Positive,正确预测上涨,normal,0.5,0.4
11,2024-11-14,0883.HK,0.8546,UP,0.0511,UP,True,True Positive,正确预测上涨,extreme_bear,1.0,0.0
11,2024-11-17,0883.HK,0.8254,UP,0.0458,UP,True,True Positive,正确预测上涨,weak,0.54,0.3
11,2024-11-18,0883.HK,0.8561,UP,0.0559,UP,True,True Positive,正确预测上涨,normal,0.5,0.7
11,2024-11-19,0883.HK,0.8318,UP,0.062,UP,True,True Positive,正确预测上涨,normal,0.5,0.7
11,2024-11-20,0883.HK,0.7806,UP,0.0559,UP,True,True Positive,正确预测上涨,normal,0.5,0.5
11,2024-11-21,0883.HK,0.7955,UP,0.0492,UP,True,True Positive,正确预测上涨,bear,0.57,0.2
11,2024-11-24,0883.HK,0.7127,UP,0.0566,UP,True,True Positive,正确预测上涨,extreme_bear,1.0,0.1
11,2024-11-25,0883.HK,0.7868,UP,0.0876,UP,True,True Positive,正确预测上涨,weak,0.54,0.3
11,2024-11-26,0883.HK,0.8283,UP,0.0823,UP,True,True Positive,正确预测上涨,normal,0.5,0.5
11,2024-11-27,0883.HK,0.7292,UP,0.1068,UP,True,True Positive,正确预测上涨,normal,0.5,1.0
11,2024-11-28,0883.HK,0.6263,UP,0.117,UP,True,True Positive,正确预测上涨,extreme_bear,1.0,0.1
11,2024-11-03,1398.HK,0.6351,UP,-0.0376,DOWN,False,False Positive,预测涨但实际下跌,unknown,0.5,0.5
11,2024-11-04,1398.HK,0.8678,UP,-0.0288,DOWN,False,False Positive,预测涨但实际下跌,normal,0.5,0.4
11,2024-11-05,1398.HK,0.8021,UP,-0.0042,DOWN,False,False Positive,预测涨但实际下跌,normal,0.5,1.0
11,2024-11-06,1398.HK,0.8363,UP,-0.0449,DOWN,False,False Positive,预测涨但实际下跌,extreme_bear,1.0,0.0
11,2024-11-07,1398.HK,0.7634,UP,-0.0246,DOWN,False,False Positive,预测涨但实际下跌,normal,0.5,1.0
11,2024-11-10,1398.HK,0.5723,UP,0.0105,UP,True,True Positive,正确预测上涨,weak,0.54,0.3
11,2024-11-11,1398.HK,0.8918,UP,0.0343,UP,True,True Positive,正确预测上涨,bear,0.57,0.2
11,2024-11-12,1398.HK,0.6899,UP,0.0323,UP,True,True Positive,正确预测上涨,extreme_bear,1.0,0.0
11,2024-11-13,1398.HK,0.8683,UP,0.0499,UP,True,True Positive,正确预测上涨,normal,0.5,0.4
11,2024-11-14,1398.HK,0.9293,UP,0.0391,UP,True,True Positive,正确预测上涨,extreme_bear,1.0,0.0
11,2024-11-17,1398.HK,0.573,UP,0.0253,UP,True,True Positive,正确预测上涨,weak,0.54,0.3
11,2024-11-18,1398.HK,0.7308,UP,0.0232,UP,True,True Positive,正确预测上涨,normal,0.5,0.7
11,2024-11-19,1398.HK,0.8282,UP,0.0318,UP,True,True Positive,正确预测上涨,normal,0.5,0.7
11,2024-11-20,1398.HK,0.8151,UP,0.0321,UP,True,True Positive,正确预测上涨,normal,0.5,0.5
11,2024-11-21,1398.HK,0.8803,UP,0.0568,UP,True,True Positive,正确预测上涨,bear,0.57,0.2
11,2024-11-24,1398.HK,0.7625,UP,0.1092,UP,True,True Positive,正确预测上涨,extreme_bear,1.0,0.1
11,2024-11-25,1398.HK,0.94,UP,0.1291,UP,True,True Positive,正确预测上涨,weak,0.54,0.3
11,2024-11-26,1398.HK,0.9147,UP,0.1169,UP,True,True Positive,正确预测上涨,normal,0.5,0.5
11,2024-11-27,1398.HK,0.8731,UP,0.1363,UP,True,True Positive,正确预测上涨,normal,0.5,1.0
11,2024-11-28,1398.HK,0.505,UP,0.1447,UP,True,True Positive,正确预测上涨,extreme_bear,1.0,0.1
11,2024-11-03,0688.HK,0.4058,DOWN,-0.1117,DOWN,True,True Negative,正确预测下跌,unknown,0.5,0.5
11,2024-11-04,0688.HK,0.218,DOWN,-0.1264,DOWN,True,True Negative,正确预测下跌,normal,0.5,0.4
11,2024-11-05,0688.HK,0.2476,DOWN,-0.117,DOWN,True,True Negative,正确预测下跌,normal,0.5,1.0
11,2024-11-06,0688.HK,0.1349,DOWN,-0.1516,DOWN,True,True Negative,正确预测下跌,extreme_bear,1.0,0.0
11,2024-11-07,0688.HK,0.5976,UP,-0.1016,DOWN,False,False Positive,预测涨但实际下跌,normal,0.5,1.0
11,2024-11-10,0688.HK,0.7746,UP,-0.0327,DOWN,False,False Positive,预测涨但实际下跌,weak,0.54,0.3
11,2024-11-11,0688.HK,0.6351,UP,-0.0349,DOWN,False,False Positive,预测涨但实际下跌,bear,0.57,0.2
11,2024-11-12,0688.HK,0.6225,UP,-0.0446,DOWN,False,False Positive,预测涨但实际下跌,extreme_bear,1.0,0.0
11,2024-11-13,0688.HK,0.7616,UP,-0.0029,DOWN,False,False Positive,预测涨但实际下跌,normal,0.5,0.4
11,2024-11-14,0688.HK,0.7872,UP,-0.0339,DOWN,False,False Positive,预测涨但实际下跌,extreme_bear,1.0,0.0
11,2024-11-17,0688.HK,0.829,UP,-0.059,DOWN,False,False Positive,预测涨但实际下跌,weak,0.54,0.3
11,2024-11-18,0688.HK,0.8145,UP,-0.0705,DOWN,False,False Positive,预测涨但实际下跌,normal,0.5,0.7
11,2024-11-19,0688.HK,0.8858,UP,-0.0798,DOWN,False,False Positive,预测涨但实际下跌,normal,0.5,0.7
11,2024-11-20,0688.HK,0.8613,UP,-0.0852,DOWN,False,False Positive,预测涨但实际下跌,normal,0.5,0.5
11,2024-11-21,0688.HK,0.876,UP,-0.0623,DOWN,False,False Positive,预测涨但实际下跌,bear,0.57,0.2
11,2024-11-24,0688.HK,0.8338,UP,-0.0549,DOWN,False,False Positive,预测涨但实际下跌,extreme_bear,1.0,0.1
11,2024-11-25,0688.HK,0.8889,UP,-0.0532,DOWN,False,False Positive,预测涨但实际下跌,weak,0.54,0.3
11,2024-11-26,0688.HK,0.795,UP,-0.076,DOWN,False,False Positive,预测涨但实际下跌,normal,0.5,0.5
11,2024-11-27,0688.HK,0.68,UP,-0.0723,DOWN,False,False Positive,预测涨但实际下跌,normal,0.5,1.0
11,2024-11-28,0688.HK,0.2887,DOWN,-0.0705,DOWN,True,True Negative,正确预测下跌,extreme_bear,1.0,0.1
11,2024-11-03,1810.HK,0.142,DOWN,0.0458,UP,False,False Negative,预测跌但实际上涨,unknown,0.5,0.5
11,2024-11-04,1810.HK,0.3907,DOWN,0.0319,UP,False,False Negative,预测跌但实际上涨,normal,0.5,0.4
11,2024-11-05,1810.HK,0.2518,DOWN,0.0543,UP,False,False Negative,预测跌但实际上涨,normal,0.5,1.0
11,2024-11-06,1810.HK,0.3273,DOWN,0.0575,UP,False,False Negative,预测跌但实际上涨,extreme_bear,1.0,0.0
11,2024-11-07,1810.HK,0.3313,DOWN,0.0565,UP,False,False Negative,预测跌但实际上涨,normal,0.5,1.0
11,2024-11-10,1810.HK,0.16,DOWN,0.0563,UP,False,False Negative,预测跌但实际上涨,weak,0.54,0.3
11,2024-11-11,1810.HK,0.2399,DOWN,0.0879,UP,False,False Negative,预测跌但实际上涨,bear,0.57,0.2
11,2024-11-12,1810.HK,0.1717,DOWN,0.0536,UP,False,False Negative,预测跌但实际上涨,extreme_bear,1.0,0.0
11,2024-11-13,1810.HK,0.6266,UP,0.1346,UP,True,True Positive,正确预测上涨,normal,0.5,0.4
11,2024-11-14,1810.HK,0.6293,UP,0.1196,UP,True,True Positive,正确预测上涨,extreme_bear,1.0,0.0
11,2024-11-17,1810.HK,0.169,DOWN,0.0538,UP,False,False Negative,预测跌但实际上涨,weak,0.54,0.3
11,2024-11-18,1810.HK,0.3916,DOWN,0.0583,UP,False,False Negative,预测跌但实际上涨,normal,0.5,0.7
11,2024-11-19,1810.HK,0.6072,UP,0.1,UP,True,True Positive,正确预测上涨,normal,0.5,0.7
11,2024-11-20,1810.HK,0.594,UP,0.0941,UP,True,True Positive,正确预测上涨,normal,0.5,0.5
11,2024-11-21,1810.HK,0.6166,UP,0.1086,UP,True,True Positive,正确预测上涨,bear,0.57,0.2
11,2024-11-24,1810.HK,0.3314,DOWN,0.118,UP,False,False Negative,预测跌但实际上涨,extreme_bear,1.0,0.1
11,2024-11-25,1810.HK,0.6911,UP,0.2096,UP,True,True Positive,正确预测上涨,weak,0.54,0.3
11,2024-11-26,1810.HK,0.7081,UP,0.2067,UP,True,True Positive,正确预测上涨,normal,0.5,0.5
11,2024-11-27,1810.HK,0.5352,UP,0.237,UP,True,True Positive,正确预测上涨,normal,0.5,1.0
11,2024-11-28,1810.HK,0.2296,DOWN,0.2486,UP,False,False Negative,预测跌但实际上涨,extreme_bear,1.0,0.1
12,2024-12-01,0700.HK,0.2358,DOWN,0.0405,UP,False,False Negative,预测跌但实际上涨,unknown,0.5,0.5
12,2024-12-02,0700.HK,0.2773,DOWN,0.0242,UP,False,False Negative,预测跌但实际上涨,normal,0.5,0.8
12,2024-12-03,0700.HK,0.1305,DOWN,0.0154,UP,False,False Negative,预测跌但实际上涨,normal,0.5,1.0
12,2024-12-04,0700.HK,0.1055,DOWN,-0.0632,DOWN,True,True Negative,正确预测下跌,normal,0.5,0.4
12,2024-12-05,0700.HK,0.1003,DOWN,-0.1052,DOWN,True,True Negative,正确预测下跌,weak,0.54,0.3
12,2024-12-08,0700.HK,0.1063,DOWN,-0.1084,DOWN,True,True Negative,正确预测下跌,normal,0.5,1.0
12,2024-12-09,0700.HK,0.1981,DOWN,-0.1012,DOWN,True,True Negative,正确预测下跌,normal,0.5,0.9
12,2024-12-10,0700.HK,0.2086,DOWN,-0.1069,DOWN,True,True Negative,正确预测下跌,extreme_bear,1.0,0.1
12,2024-12-11,0700.HK,0.2725,DOWN,-0.0977,DOWN,True,True Negative,正确预测下跌,bear,0.57,0.2
12,2024-12-12,0700.HK,0.1054,DOWN,-0.0727,DOWN,True,True Negative,正确预测下跌,normal,0.5,0.9
12,2024-12-15,0700.HK,0.1614,DOWN,-0.0572,DOWN,True,True Negative,正确预测下跌,extreme_bear,1.0,0.0
12,2024-12-16,0700.HK,0.2295,DOWN,-0.0566,DOWN,True,True Negative,正确预测下跌,weak,0.54,0.3
12,2024-12-17,0700.HK,0.2142,DOWN,-0.0399,DOWN,True,True Negative,正确预测下跌,weak,0.54,0.3
12,2024-12-18,0700.HK,0.2387,DOWN,-0.067,DOWN,True,True Negative,正确预测下跌,normal,0.5,0.8
12,2024-12-19,0700.HK,0.6218,UP,-0.1008,DOWN,False,False Positive,预测涨但实际下跌,extreme_bear,1.0,0.1
12,2024-12-22,0700.HK,0.224,DOWN,-0.0928,DOWN,True,True Negative,正确预测下跌,normal,0.5,0.4
12,2024-12-23,0700.HK,0.2571,DOWN,-0.07,DOWN,True,True Negative,正确预测下跌,normal,0.5,0.9
12,2024-12-26,0700.HK,0.1008,DOWN,-0.0522,DOWN,True,True Negative,正确预测下跌,normal,0.5,0.9
12,2024-12-29,0700.HK,0.1673,DOWN,-0.0406,DOWN,True,True Negative,正确预测下跌,weak,0.54,0.3
12,2024-12-30,0700.HK,0.121,DOWN,-0.0372,DOWN,True,True Negative,正确预测下跌,normal,0.5,0.5
12,2024-12-01,0005.HK,0.838,UP,0.0434,UP,True,True Positive,正确预测上涨,unknown,0.5,0.5
12,2024-12-02,0005.HK,0.9177,UP,0.0204,UP,True,True Positive,正确预测上涨,normal,0.5,0.8
12,2024-12-03,0005.HK,0.658,UP,0.0265,UP,True,True Positive,正确预测上涨,normal,0.5,1.0
12,2024-12-04,0005.HK,0.5654,UP,0.021,UP,True,True Positive,正确预测上涨,normal,0.5,0.4
12,2024-12-05,0005.HK,0.7387,UP,0.0188,UP,True,True Positive,正确预测上涨,weak,0.54,0.3
12,2024-12-08,0005.HK,0.4451,DOWN,0.0175,UP,False,False Negative,预测跌但实际上涨,normal,0.5,1.0
12,2024-12-09,0005.HK,0.448,DOWN,0.031,UP,False,False Negative,预测跌但实际上涨,normal,0.5,0.9
12,2024-12-10,0005.HK,0.5393,UP,0.0121,UP,True,True Positive,正确预测上涨,extreme_bear,1.0,0.1
12,2024-12-11,0005.HK,0.6922,UP,0.014,UP,True,True Positive,正确预测上涨,bear,0.57,0.2
12,2024-12-12,0005.HK,0.362,DOWN,0.0188,UP,False,False Negative,预测跌但实际上涨,normal,0.5,0.9
12,2024-12-15,0005.HK,0.2876,DOWN,0.0313,UP,False,False Negative,预测跌但实际上涨,extreme_bear,1.0,0.0
12,2024-12-16,0005.HK,0.6279,UP,0.0319,UP,True,True Positive,正确预测上涨,weak,0.54,0.3
12,2024-12-17,0005.HK,0.4481,DOWN,0.0447,UP,False,False Negative,预测跌但实际上涨,weak,0.54,0.3
12,2024-12-18,0005.HK,0.5205,UP,0.0605,UP,True,True Positive,正确预测上涨,normal,0.5,0.8
12,2024-12-19,0005.HK,0.5971,UP,0.0695,UP,True,True Positive,正确预测上涨,extreme_bear,1.0,0.1
12,2024-12-22,0005.HK,0.1381,DOWN,0.0494,UP,False,False Negative,预测跌但实际上涨,normal,0.5,0.4
12,2024-12-23,0005.HK,0.5498,UP,0.0639,UP,True,True Positive,正确预测上涨,normal,0.5,0.9
12,2024-12-26,0005.HK,0.5072,UP,0.0558,UP,True,True Positive,正确预测上涨,normal,0.5,0.9
12,2024-12-29,0005.HK,0.2339,DOWN,0.0561,UP,False,False Negative,预测跌但实际上涨,weak,0.54,0.3
12,2024-12-30,0005.HK,0.3755,DOWN,0.0541,UP,False,False Negative,预测跌但实际上涨,normal,0.5,0.5
12,2024-12-01,2318.HK,0.128,DOWN,-0.0243,DOWN,True,True Negative,正确预测下跌,unknown,0.5,0.5
12,2024-12-02,2318.HK,0.0507,DOWN,-0.0455,DOWN,True,True Negative,正确预测下跌,normal,0.5,0.8
12,2024-12-03,2318.HK,0.0333,DOWN,-0.0488,DOWN,True,True Negative,正确预测下跌,normal,0.5,1.0
12,2024-12-04,2318.HK,0.0111,DOWN,-0.0536,DOWN,True,True Negative,正确预测下跌,normal,0.5,0.4
12,2024-12-05,2318.HK,0.0482,DOWN,-0.0791,DOWN,True,True Negative,正确预测下跌,weak,0.54,0.3
12,2024-12-08,2318.HK,0.02,DOWN,-0.1184,DOWN,True,True Negative,正确预测下跌,normal,0.5,1.0
12,2024-12-09,2318.HK,0.011,DOWN,-0.1467,DOWN,True,True Negative,正确预测下跌,normal,0.5,0.9
12,2024-12-10,2318.HK,0.0188,DOWN,-0.1287,DOWN,True,True Negative,正确预测下跌,extreme_bear,1.0,0.1
12,2024-12-11,2318.HK,0.0299,DOWN,-0.133,DOWN,True,True Negative,正确预测下跌,bear,0.57,0.2
12,2024-12-12,2318.HK,0.0275,DOWN,-0.1122,DOWN,True,True Negative,正确预测下跌,normal,0.5,0.9
12,2024-12-15,2318.HK,0.0577,DOWN,-0.0895,DOWN,True,True Negative,正确预测下跌,extreme_bear,1.0,0.0
12,2024-12-16,2318.HK,0.0448,DOWN,-0.0835,DOWN,True,True Negative,正确预测下跌,weak,0.54,0.3
12,2024-12-17,2318.HK,0.0505,DOWN,-0.0707,DOWN,True,True Negative,正确预测下跌,weak,0.54,0.3
12,2024-12-18,2318.HK,0.0262,DOWN,-0.0558,DOWN,True,True Negative,正确预测下跌,normal,0.5,0.8
12,2024-12-19,2318.HK,0.1713,DOWN,-0.077,DOWN,True,True Negative,正确预测下跌,extreme_bear,1.0,0.1
12,2024-12-22,2318.HK,0.0851,DOWN,-0.0777,DOWN,True,True Negative,正确预测下跌,normal,0.5,0.4
12,2024-12-23,2318.HK,0.2519,DOWN,-0.0675,DOWN,True,True Negative,正确预测下跌,normal,0.5,0.9
12,2024-12-26,2318.HK,0.24,DOWN,-0.0507,DOWN,True,True Negative,正确预测下跌,normal,0.5,0.9
12,2024-12-29,2318.HK,0.1352,DOWN,-0.0572,DOWN,True,True Negative,正确预测下跌,weak,0.54,0.3
12,2024-12-30,2318.HK,0.3279,DOWN,-0.0662,DOWN,True,True Negative,正确预测下跌,normal,0.5,0.5
12,2024-12-01,1299.HK,0.4879,DOWN,-0.0449,DOWN,True,True Negative,正确预测下跌,unknown,0.5,0.5
12,2024-12-02,1299.HK,0.21,DOWN,-0.0456,DOWN,True,True Negative,正确预测下跌,normal,0.5,0.8
12,2024-12-03,1299.HK,0.2042,DOWN,-0.0391,DOWN,True,True Negative,正确预测下跌,normal,0.5,1.0
12,2024-12-04,1299.HK,0.6535,UP,-0.0345,DOWN,False,False Positive,预测涨但实际下跌,normal,0.5,0.4
12,2024-12-05,1299.HK,0.3931,DOWN,-0.0652,DOWN,True,True Negative,正确预测下跌,weak,0.54,0.3
12,2024-12-08,1299.HK,0.3459,DOWN,-0.0885,DOWN,True,True Negative,正确预测下跌,normal,0.5,1.0
12,2024-12-09,1299.HK,0.461,DOWN,-0.113,DOWN,True,True Negative,正确预测下跌,normal,0.5,0.9
12,2024-12-10,1299.HK,0.2834,DOWN,-0.1032,DOWN,True,True Negative,正确预测下跌,extreme_bear,1.0,0.1
12,2024-12-11,1299.HK,0.4561,DOWN,-0.0874,DOWN,True,True Negative,正确预测下跌,bear,0.57,0.2
12,2024-12-12,1299.HK,0.6264,UP,-0.0602,DOWN,False,False Positive,预测涨但实际下跌,normal,0.5,0.9
12,2024-12-15,1299.HK,0.6023,UP,-0.0163,DOWN,False,False Positive,预测涨但实际下跌,extreme_bear,1.0,0.0
12,2024-12-16,1299.HK,0.7567,UP,-0.0055,DOWN,False,False Positive,预测涨但实际下跌,weak,0.54,0.3
12,2024-12-17,1299.HK,0.8016,UP,-0.0054,DOWN,False,False Positive,预测涨但实际下跌,weak,0.54,0.3
12,2024-12-18,1299.HK,0.7279,UP,0.0165,UP,True,True Positive,正确预测上涨,normal,0.5,0.8
12,2024-12-19,1299.HK,0.7741,UP,-0.0018,DOWN,False,False Positive,预测涨但实际下跌,extreme_bear,1.0,0.1
12,2024-12-22,1299.HK,0.5737,UP,-0.0271,DOWN,False,False Positive,预测涨但实际下跌,normal,0.5,0.4
12,2024-12-23,1299.HK,0.8324,UP,-0.0388,DOWN,False,False Positive,预测涨但实际下跌,normal,0.5,0.9
12,2024-12-26,1299.HK,0.7162,UP,-0.0453,DOWN,False,False Positive,预测涨但实际下跌,normal,0.5,0.9
12,2024-12-29,1299.HK,0.405,DOWN,-0.0329,DOWN,True,True Negative,正确预测下跌,weak,0.54,0.3
12,2024-12-30,1299.HK,0.597,UP,-0.0498,DOWN,False,False Positive,预测涨但实际下跌,normal,0.5,0.5
12,2024-12-01,9988.HK,0.4598,DOWN,-0.0321,DOWN,True,True Negative,正确预测下跌,unknown,0.5,0.5
12,2024-12-02,9988.HK,0.3584,DOWN,-0.0219,DOWN,True,True Negative,正确预测下跌,normal,0.5,0.8
12,2024-12-03,9988.HK,0.2314,DOWN,-0.022,DOWN,True,True Negative,正确预测下跌,normal,0.5,1.0
12,2024-12-04,9988.HK,0.1865,DOWN,-0.0067,DOWN,True,True Negative,正确预测下跌,normal,0.5,0.4
12,2024-12-05,9988.HK,0.2809,DOWN,-0.0363,DOWN,True,True Negative,正确预测下跌,weak,0.54,0.3
12,2024-12-08,9988.HK,0.153,DOWN,-0.0725,DOWN,True,True Negative,正确预测下跌,normal,0.5,1.0
12,2024-12-09,9988.HK,0.325,DOWN,-0.0808,DOWN,True,True Negative,正确预测下跌,normal,0.5,0.9
12,2024-12-10,9988.HK,0.2446,DOWN,-0.094,DOWN,True,True Negative,正确预测下跌,extreme_bear,1.0,0.1
12,2024-12-11,9988.HK,0.5121,UP,-0.0915,DOWN,False,False Positive,预测涨但实际下跌,bear,0.57,0.2
12,2024-12-12,9988.HK,0.5965,UP,-0.0676,DOWN,False,False Positive,预测涨但实际下跌,normal,0.5,0.9
12,2024-12-15,9988.HK,0.3992,DOWN,-0.0462,DOWN,True,True Negative,正确预测下跌,extreme_bear,1.0,0.0
12,2024-12-16,9988.HK,0.8107,UP,-0.0318,DOWN,False,False Positive,预测涨但实际下跌,weak,0.54,0.3
12,2024-12-17,9988.HK,0.6469,UP,0.0059,UP,True,True Positive,正确预测上涨,weak,0.54,0.3
12,2024-12-18,9988.HK,0.623,UP,0.0223,UP,True,True Positive,正确预测上涨,normal,0.5,0.8
12,2024-12-19,9988.HK,0.6535,UP,0.0262,UP,True,True Positive,正确预测上涨,extreme_bear,1.0,0.1
12,2024-12-22,9988.HK,0.3688,DOWN,0.0235,UP,False,False Negative,预测跌但实际上涨,normal,0.5,0.4
12,2024-12-23,9988.HK,0.6641,UP,0.0156,UP,True,True Positive,正确预测上涨,normal,0.5,0.9
12,2024-12-26,9988.HK,0.7623,UP,0.0595,UP,True,True Positive,正确预测上涨,normal,0.5,0.9
12,2024-12-29,9988.HK,0.6138,UP,0.0774,UP,True,True Positive,正确预测上涨,weak,0.54,0.3
12,2024-12-30,9988.HK,0.6475,UP,0.1346,UP,True,True Positive,正确预测上涨,normal,0.5,0.5
12,2024-12-01,0388.HK,0.0901,DOWN,-0.0164,DOWN,True,True Negative,正确预测下跌,unknown,0.5,0.5
12,2024-12-02,0388.HK,0.0492,DOWN,-0.0231,DOWN,True,True Negative,正确预测下跌,normal,0.5,0.8
12,2024-12-03,0388.HK,0.0502,DOWN,-0.0233,DOWN,True,True Negative,正确预测下跌,normal,0.5,1.0
12,2024-12-04,0388.HK,0.092,DOWN,-0.0227,DOWN,True,True Negative,正确预测下跌,normal,0.5,0.4
12,2024-12-05,0388.HK,0.1874,DOWN,-0.036,DOWN,True,True Negative,正确预测下跌,weak,0.54,0.3
12,2024-12-08,0388.HK,0.1616,DOWN,-0.095,DOWN,True,True Negative,正确预测下跌,normal,0.5,1.0
12,2024-12-09,0388.HK,0.1379,DOWN,-0.0934,DOWN,True,True Negative,正确预测下跌,normal,0.5,0.9
12,2024-12-10,0388.HK,0.2427,DOWN,-0.1,DOWN,True,True Negative,正确预测下跌,extreme_bear,1.0,0.1
12,2024-12-11,0388.HK,0.1859,DOWN,-0.0934,DOWN,True,True Negative,正确预测下跌,bear,0.57,0.2
12,2024-12-12,0388.HK,0.3131,DOWN,-0.068,DOWN,True,True Negative,正确预测下跌,normal,0.5,0.9
12,2024-12-15,0388.HK,0.1116,DOWN,-0.0363,DOWN,True,True Negative,正确预测下跌,extreme_bear,1.0,0.0
12,2024-12-16,0388.HK,0.3057,DOWN,-0.0432,DOWN,True,True Negative,正确预测下跌,weak,0.54,0.3
12,2024-12-17,0388.HK,0.2101,DOWN,-0.022,DOWN,True,True Negative,正确预测下跌,weak,0.54,0.3
12,2024-12-18,0388.HK,0.4369,DOWN,-0.0161,DOWN,True,True Negative,正确预测下跌,normal,0.5,0.8
12,2024-12-19,0388.HK,0.4788,DOWN,-0.0115,DOWN,True,True Negative,正确预测下跌,extreme_bear,1.0,0.1
12,2024-12-22,0388.HK,0.1745,DOWN,-0.0141,DOWN,True,True Negative,正确预测下跌,normal,0.5,0.4
12,2024-12-23,0388.HK,0.5448,UP,0.0007,UP,True,True Positive,正确预测上涨,normal,0.5,0.9
12,2024-12-26,0388.HK,0.5138,UP,0.0182,UP,True,True Positive,正确预测上涨,normal,0.5,0.9
12,2024-12-29,0388.HK,0.2666,DOWN,0.0271,UP,False,False Negative,预测跌但实际上涨,weak,0.54,0.3
12,2024-12-30,0388.HK,0.5117,UP,0.0217,UP,True,True Positive,正确预测上涨,normal,0.5,0.5
12,2024-12-01,0883.HK,0.7486,UP,0.1067,UP,True,True Positive,正确预测上涨,unknown,0.5,0.5
12,2024-12-02,0883.HK,0.5738,UP,0.0931,UP,True,True Positive,正确预测上涨,normal,0.5,0.8
12,2024-12-03,0883.HK,0.268,DOWN,0.0753,UP,False,False Negative,预测跌但实际上涨,normal,0.5,1.0
12,2024-12-04,0883.HK,0.2339,DOWN,0.076,UP,False,False Negative,预测跌但实际上涨,normal,0.5,0.4
12,2024-12-05,0883.HK,0.3295,DOWN,0.0734,UP,False,False Negative,预测跌但实际上涨,weak,0.54,0.3
12,2024-12-08,0883.HK,0.7389,UP,0.0466,UP,True,True Positive,正确预测上涨,normal,0.5,1.0
12,2024-12-09,0883.HK,0.4805,DOWN,0.0609,UP,False,False Negative,预测跌但实际上涨,normal,0.5,0.9
12,2024-12-10,0883.HK,0.3798,DOWN,0.0773,UP,False,False Negative,预测跌但实际上涨,extreme_bear,1.0,0.1
12,2024-12-11,0883.HK,0.4618,DOWN,0.0834,UP,False,False Negative,预测跌但实际上涨,bear,0.57,0.2
12,2024-12-12,0883.HK,0.4717,DOWN,0.1029,UP,False,False Negative,预测跌但实际上涨,normal,0.5,0.9
12,2024-12-15,0883.HK,0.5179,UP,0.11,UP,True,True Positive,正确预测上涨,extreme_bear,1.0,0.0
12,2024-12-16,0883.HK,0.4501,DOWN,0.0817,UP,False,False Negative,预测跌但实际上涨,weak,0.54,0.3
12,2024-12-17,0883.HK,0.5693,UP,0.0507,UP,True,True Positive,正确预测上涨,weak,0.54,0.3
12,2024-12-18,0883.HK,0.5543,UP,0.0453,UP,True,True Positive,正确预测上涨,normal,0.5,0.8
12,2024-12-19,0883.HK,0.7598,UP,0.0469,UP,True,True Positive,正确预测上涨,extreme_bear,1.0,0.1
12,2024-12-22,0883.HK,0.5134,UP,0.0175,UP,True,True Positive,正确预测上涨,normal,0.5,0.4
12,2024-12-23,0883.HK,0.7636,UP,-0.0086,DOWN,False,False Positive,预测涨但实际下跌,normal,0.5,0.9
12,2024-12-26,0883.HK,0.7461,UP,0.0,DOWN,False,False Positive,预测涨但实际下跌,normal,0.5,0.9
12,2024-12-29,0883.HK,0.4246,DOWN,-0.0191,DOWN,True,True Negative,正确预测下跌,weak,0.54,0.3
12,2024-12-30,0883.HK,0.7085,UP,-0.0283,DOWN,False,False Positive,预测涨但实际下跌,normal,0.5,0.5
12,2024-12-01,1398.HK,0.3884,DOWN,0.0843,UP,False,False Negative,预测跌但实际上涨,unknown,0.5,0.5
12,2024-12-02,1398.HK,0.4622,DOWN,0.0678,UP,False,False Negative,预测跌但实际上涨,normal,0.5,0.8
12,2024-12-03,1398.HK,0.3576,DOWN,0.0655,UP,False,False Negative,预测跌但实际上涨,normal,0.5,1.0
12,2024-12-04,1398.HK,0.3941,DOWN,0.0813,UP,False,False Negative,预测跌但实际上涨,normal,0.5,0.4
12,2024-12-05,1398.HK,0.3526,DOWN,0.0719,UP,False,False Negative,预测跌但实际上涨,weak,0.54,0.3
12,2024-12-08,1398.HK,0.4708,DOWN,0.0435,UP,False,False Negative,预测跌但实际上涨,normal,0.5,1.0
12,2024-12-09,1398.HK,0.509,UP,0.0414,UP,True,True Positive,正确预测上涨,normal,0.5,0.9
12,2024-12-10,1398.HK,0.5348,UP,0.0436,UP,True,True Positive,正确预测上涨,extreme_bear,1.0,0.1
12,2024-12-11,1398.HK,0.5565,UP,0.0392,UP,True,True Positive,正确预测上涨,bear,0.57,0.2
12,2024-12-12,1398.HK,0.6152,UP,0.063,UP,True,True Positive,正确预测上涨,normal,0.5,0.9
12,2024-12-15,1398.HK,0.5139,UP,0.0604,UP,True,True Positive,正确预测上涨,extreme_bear,1.0,0.0
12,2024-12-16,1398.HK,0.5985,UP,0.0455,UP,True,True Positive,正确预测上涨,weak,0.54,0.3
12,2024-12-17,1398.HK,0.5764,UP,0.0604,UP,True,True Positive,正确预测上涨,weak,0.54,0.3
12,2024-12-18,1398.HK,0.5537,UP,0.0756,UP,True,True Positive,正确预测上涨,normal,0.5,0.8
12,2024-12-19,1398.HK,0.6435,UP,0.0605,UP,True,True Positive,正确预测上涨,extreme_bear,1.0,0.1
12,2024-12-22,1398.HK,0.3836,DOWN,0.0367,UP,False,False Negative,预测跌但实际上涨,normal,0.5,0.4
12,2024-12-23,1398.HK,0.538,UP,0.0486,UP,True,True Positive,正确预测上涨,normal,0.5,0.9
12,2024-12-26,1398.HK,0.3316,DOWN,0.0666,UP,False,False Negative,预测跌但实际上涨,normal,0.5,0.9
12,2024-12-29,1398.HK,0.418,DOWN,0.0546,UP,False,False Negative,预测跌但实际上涨,weak,0.54,0.3
12,2024-12-30,1398.HK,0.5857,UP,0.0425,UP,True,True Positive,正确预测上涨,normal,0.5,0.5
12,2024-12-01,0688.HK,0.4612,DOWN,-0.0991,DOWN,True,True Negative,正确预测下跌,unknown,0.5,0.5
12,2024-12-02,0688.HK,0.296,DOWN,-0.1009,DOWN,True,True Negative,正确预测下跌,normal,0.5,0.8
12,2024-12-03,0688.HK,0.2928,DOWN,-0.1033,DOWN,True,True Negative,正确预测下跌,normal,0.5,1.0
12,2024-12-04,0688.HK,0.3298,DOWN,-0.0886,DOWN,True,True Negative,正确预测下跌,normal,0.5,0.4
12,2024-12-05,0688.HK,0.3026,DOWN,-0.1217,DOWN,True,True Negative,正确预测下跌,weak,0.54,0.3
12,2024-12-08,0688.HK,0.282,DOWN,-0.1451,DOWN,True,True Negative,正确预测下跌,normal,0.5,1.0
12,2024-12-09,0688.HK,0.3324,DOWN,-0.136,DOWN,True,True Negative,正确预测下跌,normal,0.5,0.9
12,2024-12-10,0688.HK,0.3858,DOWN,-0.1182,DOWN,True,True Negative,正确预测下跌,extreme_bear,1.0,0.1
12,2024-12-11,0688.HK,0.3227,DOWN,-0.1089,DOWN,True,True Negative,正确预测下跌,bear,0.57,0.2
12,2024-12-12,0688.HK,0.6028,UP,-0.0519,DOWN,False,False Positive,预测涨但实际下跌,normal,0.5,0.9
12,2024-12-15,0688.HK,0.7261,UP,-0.011,DOWN,False,False Positive,预测涨但实际下跌,extreme_bear,1.0,0.0
12,2024-12-16,0688.HK,0.6788,UP,0.0111,UP,True,True Positive,正确预测上涨,weak,0.54,0.3
12,2024-12-17,0688.HK,0.706,UP,-0.0142,DOWN,False,False Positive,预测涨但实际下跌,weak,0.54,0.3
12,2024-12-18,0688.HK,0.697,UP,0.0016,UP,True,True Positive,正确预测上涨,normal,0.5,0.8
12,2024-12-19,0688.HK,0.7787,UP,-0.0049,DOWN,False,False Positive,预测涨但实际下跌,extreme_bear,1.0,0.1
12,2024-12-22,0688.HK,0.494,DOWN,-0.021,DOWN,True,True Negative,正确预测下跌,normal,0.5,0.4
12,2024-12-23,0688.HK,0.5675,UP,-0.0193,DOWN,False,False Positive,预测涨但实际下跌,normal,0.5,0.9
12,2024-12-26,0688.HK,0.7219,UP,-0.0113,DOWN,False,False Positive,预测涨但实际下跌,normal,0.5,0.9
12,2024-12-29,0688.HK,0.5672,UP,0.0016,UP,True,True Positive,正确预测上涨,weak,0.54,0.3
12,2024-12-30,0688.HK,0.5149,UP,-0.0274,DOWN,False,False Positive,预测涨但实际下跌,normal,0.5,0.5
12,2024-12-01,1810.HK,0.553,UP,0.1909,UP,True,True Positive,正确预测上涨,unknown,0.5,0.5
12,2024-12-02,1810.HK,0.2966,DOWN,0.2457,UP,False,False Negative,预测跌但实际上涨,normal,0.5,0.8
12,2024-12-03,1810.HK,0.451,DOWN,0.2474,UP,False,False Negative,预测跌但实际上涨,normal,0.5,1.0
12,2024-12-04,1810.HK,0.5089,UP,0.1596,UP,True,True Positive,正确预测上涨,normal,0.5,0.4
12,2024-12-05,1810.HK,0.4391,DOWN,0.097,UP,False,False Negative,预测跌但实际上涨,weak,0.54,0.3
12,2024-12-08,1810.HK,0.518,UP,0.0905,UP,True,True Positive,正确预测上涨,normal,0.5,1.0
12,2024-12-09,1810.HK,0.4982,DOWN,0.084,UP,False,False Negative,预测跌但实际上涨,normal,0.5,0.9
12,2024-12-10,1810.HK,0.6505,UP,0.0772,UP,True,True Positive,正确预测上涨,extreme_bear,1.0,0.1
12,2024-12-11,1810.HK,0.5021,UP,0.068,UP,True,True Positive,正确预测上涨,bear,0.57,0.2
12,2024-12-12,1810.HK,0.5476,UP,0.0718,UP,True,True Positive,正确预测上涨,normal,0.5,0.9
12,2024-12-15,1810.HK,0.173,DOWN,0.1318,UP,False,False Negative,预测跌但实际上涨,extreme_bear,1.0,0.0
12,2024-12-16,1810.HK,0.2301,DOWN,0.1669,UP,False,False Negative,预测跌但实际上涨,weak,0.54,0.3
12,2024-12-17,1810.HK,0.4718,DOWN,0.1266,UP,False,False Negative,预测跌但实际上涨,weak,0.54,0.3
12,2024-12-18,1810.HK,0.1472,DOWN,0.1656,UP,False,False Negative,预测跌但实际上涨,normal,0.5,0.8
12,2024-12-19,1810.HK,0.5512,UP,0.1153,UP,True,True Positive,正确预测上涨,extreme_bear,1.0,0.1
12,2024-12-22,1810.HK,0.1993,DOWN,0.0866,UP,False,False Negative,预测跌但实际上涨,normal,0.5,0.4
12,2024-12-23,1810.HK,0.3032,DOWN,0.1201,UP,False,False Negative,预测跌但实际上涨,normal,0.5,0.9
12,2024-12-26,1810.HK,0.2874,DOWN,0.0864,UP,False,False Negative,预测跌但实际上涨,normal,0.5,0.9
12,2024-12-29,1810.HK,0.173,DOWN,0.1074,UP,False,False Negative,预测跌但实际上涨,weak,0.54,0.3
12,2024-12-30,1810.HK,0.2423,DOWN,0.0952,UP,False,False Negative,预测跌但实际上涨,normal,0.5,0.5
